query_name	fuzzy_candidate_taxid	note
Acaena novae zelandiae	281871	UNVERIFIED -- review before use, see 07_build_taxonomy.bash Accipiter-gentilis caveat
Alisma plantago aquatica	15000	UNVERIFIED -- review before use, see 07_build_taxonomy.bash Accipiter-gentilis caveat
Arachnomyces sp KDTOL00113	3440260	UNVERIFIED -- review before use, see 07_build_taxonomy.bash Accipiter-gentilis caveat
Asterina gibbosa Pennant 1777	46515	UNVERIFIED -- review before use, see 07_build_taxonomy.bash Accipiter-gentilis caveat
Blitum bonus henricus	122298	UNVERIFIED -- review before use, see 07_build_taxonomy.bash Accipiter-gentilis caveat
Chironomus sp SAN22000474	3395416	UNVERIFIED -- review before use, see 07_build_taxonomy.bash Accipiter-gentilis caveat
Chloroclystis v ata	190337	UNVERIFIED -- review before use, see 07_build_taxonomy.bash Accipiter-gentilis caveat
Cortinarius croceocaeruleus	183880	UNVERIFIED -- review before use, see 07_build_taxonomy.bash Accipiter-gentilis caveat
Entomobrya nr imitabilis	3076372	UNVERIFIED -- review before use, see 07_build_taxonomy.bash Accipiter-gentilis caveat
Gyroporus aff castaneus	3395814	UNVERIFIED -- review before use, see 07_build_taxonomy.bash Accipiter-gentilis caveat
Impatiens noli tangere	127129	UNVERIFIED -- review before use, see 07_build_taxonomy.bash Accipiter-gentilis caveat
Maea johnstoni	501950	UNVERIFIED -- review before use, see 07_build_taxonomy.bash Accipiter-gentilis caveat
Noctuidae sp SAN22000473	3395413	UNVERIFIED -- review before use, see 07_build_taxonomy.bash Accipiter-gentilis caveat
Nymphalis c album	929971	UNVERIFIED -- review before use, see 07_build_taxonomy.bash Accipiter-gentilis caveat
Polygonia c album	929971	UNVERIFIED -- review before use, see 07_build_taxonomy.bash Accipiter-gentilis caveat
Porella arboris vitae	460640	UNVERIFIED -- review before use, see 07_build_taxonomy.bash Accipiter-gentilis caveat
Ribes uva crispa	135518	UNVERIFIED -- review before use, see 07_build_taxonomy.bash Accipiter-gentilis caveat
Russula aff farinipes	3163303	UNVERIFIED -- review before use, see 07_build_taxonomy.bash Accipiter-gentilis caveat
Schoenobius gigantella	753421	UNVERIFIED -- review before use, see 07_build_taxonomy.bash Accipiter-gentilis caveat
Sciuro hypnum glaciale	219726	UNVERIFIED -- review before use, see 07_build_taxonomy.bash Accipiter-gentilis caveat
Stenodema holsata	2882880	UNVERIFIED -- review before use, see 07_build_taxonomy.bash Accipiter-gentilis caveat
Sternaspis cf scutata NHMUK ANEA 2019	2607901	UNVERIFIED -- review before use, see 07_build_taxonomy.bash Accipiter-gentilis caveat
Uleiota planatus	346868	UNVERIFIED -- review before use, see 07_build_taxonomy.bash Accipiter-gentilis caveat
Vaccinium vitis idaea	180772	UNVERIFIED -- review before use, see 07_build_taxonomy.bash Accipiter-gentilis caveat
Veronica anagallis aquatica	74693	UNVERIFIED -- review before use, see 07_build_taxonomy.bash Accipiter-gentilis caveat
Xestia c nigrum	987431	UNVERIFIED -- review before use, see 07_build_taxonomy.bash Accipiter-gentilis caveat
