ott_id	species
46221	Abax_parallelepipedus
5540165	Abia_aenea
327861	Abia_candens
103921	Abramis_brama
696325	Abraxas_grossulariata
1030087	Abraxas_sylvata
653495	Abrostola_tripartita
481264	Abrostola_triplasia
984464	Acaena_novae_zelandiae
984457	Acaena_ovalifolia
510982	Acalles_misellus
893125	Acanthis_cabaret
38566	Acanthis_flammea
71103	Acanthocardia_echinata
1086907	Acanthosoma_haemorrhoidale
63669	Acasis_viretata
786433	Accipiter_gentilis
238460	Accipiter_nisus
3170534	Acentria_ephemerella
506137	Acer_campestre
948911	Acer_pseudoplatanus
3461174	Acericerus_heydenii
87369	Achaius_oratorius
869832	Achillea_maritima
195131	Achillea_ptarmica
1098007	Achlya_flavicornis
888451	Acholoe_squamosa
890796	Achroia_grisella
229833	Acidia_cognata
513074	Acleris_aspersana
513059	Acleris_cristana
135810	Acleris_emargana
135808	Acleris_ferrugana
3053002	Acleris_hastiana
972611	Acleris_holmiana
3052953	Acleris_hyemana
135813	Acleris_laterana
228375	Acleris_literana
48688	Acleris_logiana
48682	Acleris_lorquiniana
48692	Acleris_sparsana
48698	Acleris_umbrana
3223658	Acompsia_schmidtiellus
751013	Acrobasis_consociella
301190	Acrobasis_repandana
3152911	Acrobasis_suavella
1071378	Acrocephalus_schoenobaenus
862180	Acrocera_orbiculus
1069186	Acrocnida_brachiata
1085165	Acrodactyla_quadrisculpta
7489613	Acromegalomma_vesiculosum
866630	Acronicta_aceris
391250	Acronicta_alni
391246	Acronicta_leporina
391248	Acronicta_megacephala
391244	Acronicta_psi
281071	Acronicta_rumicis
4428059	Acrosathe_annulata
495712	Actenicerus_siaelandicus
510985	Acupalpus_dubius
911734	Acupalpus_parvulus
3091979	Adaina_microdactyla
965949	Adalia_bipunctata
629403	Adalia_decempunctata
227126	Adela_reaumurella
1028619	Adicella_reducta
804994	Adonis_annua
1091745	Adscita_geryon
557966	Aegialia_arenaria
467867	Aegithalos_caudatus
3471678	Aelia_acuminata
404238	Aesculus_hippocastanum
621489	Aeshna_juncea
3284068	Aethecerus_discolor
3054409	Aethes_beatricella
281078	Aethes_cnicana
3054393	Aethes_francillana
48700	Aethes_hartmanniana
3054537	Aethes_rubigana
3054407	Aethes_rutilana
3054453	Aethes_smeathmanniana
3054401	Aethes_tesserana
1005122	Aethusa_cynapium
907233	Agapeta_hamana
596589	Agapeta_zoegana
3020134	Agapetus_fuscipes
174390	Agapornis_nigrigenis
564405	Agaricus_bisporus
131442	Agaricus_langei
614639	Agelastica_alni
439850	Agnoea_josephinae
4231420	Agnoea_subochreella
3229924	Agonopterix_alstromeriana
3230059	Agonopterix_arenella
3230167	Agonopterix_atomella
3229887	Agonopterix_ciliella
145500	Agonopterix_heracliana
3229973	Agonopterix_kaekeritziana
3229864	Agonopterix_nanatella
3229880	Agonopterix_nervosa
3230022	Agonopterix_propinquella
3230168	Agonopterix_subpropinquella
3425891	Agonum_fuliginosum
3425810	Agonum_gracile
305075	Agonum_muelleri
3425776	Agonum_thoreyi
924887	Agonum_viduum
1028250	Agrilus_biguttatus
3415804	Agrilus_cyanescens
852855	Agrimonia_eupatoria
272583	Agriopis_aurantiaria
63671	Agriopis_leucophaearia
1030104	Agriopis_marginaria
640452	Agriotes_lineatus
3167085	Agriphila_geniculea
301264	Agriphila_inquinatella
972622	Agriphila_straminella
3167106	Agriphila_tristella
391238	Agrochola_circellaris
391256	Agrochola_litura
916933	Agrochola_lota
916931	Agrochola_lychnidis
916937	Agrochola_macilenta
887971	Agrocybe_praecox
689981	Agrostemma_githago
915226	Agrothereutes_abbreviatus
210000	Agrotis_clavis
114385	Agrotis_exclamationis
3205956	Agrotis_puta
3205574	Agrotis_ripae
485182	Agrotis_vestigialis
38985	Agrypnus_murinus
3290907	Agrypon_flaveolatum
474304	Agrypon_varitarsum
30793	Ailanthus_altissima
382256	Ajuga_chamaepitys
11338	Ajuga_reptans
312548	Alauda_arvensis
549519	Alcedo_atthis
176699	Alchemilla_alpina
833570	Alchemilla_mollis
3067216	Alcis_jubata
973776	Alcis_repandata
619650	Alcyonidium_gelatinosum
51360	Alectoris_rufa
928268	Aleimma_loeflingiana
474306	Aleiodes_alternator
740796	Aleiodes_circumscriptus
1024517	Aleiodes_coxalis
588712	Aleiodes_gastritor
5963890	Aleiodes_leptofemur
422405	Aleiodes_praetor
1077905	Aleiodes_rugulosus
474298	Aleiodes_similis
923605	Aleiodes_testaceus
876796	Aleiodes_unipunctator
1009764	Alentia_gelatinosa
467933	Aleochara_curtula
484565	Alisma_plantago_aquatica
986619	Alitta_virens
485525	Allacma_fusca
3245403	Allantus_rufocinctus
4361739	Alliopsis_billbergi
4493469	Allodia_ornaticollis
825930	Allomacrus_arcticus
51561	Allophyes_oxyacanthae
4555022	Alloplasta_piceator
4213036	Allygidius_commutatus
4210278	Allygus_modestus
117349	Alnus_cordata
791130	Alnus_glutinosa
791133	Alnus_incana
1024513	Alomya_debellator
407890	Alopecurus_geniculatus
463754	Alopecurus_pratensis
693339	Alopochen_aegyptiaca
53204	Alsophila_aescularia
3225966	Altenia_scriptella
1087730	Altica_lythri
804627	Alucita_hexadactyla
150283	Alydus_calcaratus
5812048	Alysia_alticola
75257	Amanita_muscaria
545199	Amanita_phalloides
148310	Amanita_rubescens
842543	Amara_aenea
305077	Amara_aulica
3424511	Amara_convexiuscula
3424469	Amara_familiaris
1087731	Amara_ovata
386580	Amara_plebeja
386582	Amara_tibialis
434698	Amaurobius_ferox
7866473	Amblyjoppa_fuscipennis
4552772	Amblyjoppa_proteus
86266	Amblyteles_armatorius
3245426	Ametastegia_carpini
462897	Ametastegia_equiseti
1074876	Ammi_majus
797683	Ammophila_pubescens
796958	Ammophila_sabulosa
389817	Ampedus_balteatus
712558	Ampedus_sanguinolentus
43613	Amphibalanus_improvisus
4975462	Amphicteis_midas
167711	Amphidium_lapponicum
191005	Amphidium_mougeotii
7477971	Amphigerontia_contaminata
508095	Amphimallon_solstitiale
916924	Amphipoea_lucens
1053950	Amphipoea_oculea
916928	Amphipyra_berbera
891509	Amphipyra_tragopoginis
454800	Ampulloclitocybe_clavipes
3226093	Anacampsis_blattariella
486208	Anagallis_arvensis
224211	Anaglyptus_mysticus
7877	Anania_coronata
907249	Anania_crocealis
907254	Anania_fuscalis
3166420	Anania_hortulata
3165345	Anania_verbascalis
33068	Anaplectoides_prasina
7141715	Anarsia_innoxiella
3223714	Anarsia_spartiella
384126	Anarta_trifolii
855474	Anas_acuta
765167	Anas_platyrhynchos
335970	Anasimyia_lineata
963793	Anaspis_frontalis
1087736	Anaspis_garneysi
621625	Anaspis_maculata
1087737	Anaspis_regimbarti
963795	Anaspis_thoracica
428569	Anastrepta_orcadensis
383582	Anastrophyllum_donnianum
485521	Anax_imperator
900051	Anchusa_arvensis
727307	Ancistrocerus_nigricornis
3048828	Ancylis_achatana
888537	Ancylis_mitterbacheriana
3048868	Ancylis_unculana
3864642	Andreaea_frigida
3864600	Andreaea_mutabilis
403417	Andreaea_nivalis
449331	Andreaea_rothii
1087127	Andreaea_rupestris
883577	Andrena_angustior
883559	Andrena_apicata
163656	Andrena_barbilabris
883561	Andrena_bicolor
3262276	Andrena_bucephala
3263176	Andrena_chrysosceles
883563	Andrena_clarkella
330870	Andrena_denticulata
3262756	Andrena_dorsata
358138	Andrena_flavipes
3263011	Andrena_florea
3262273	Andrena_fulva
462726	Andrena_haemorrhoa
3262814	Andrena_hattorfiana
858088	Andrena_helvola
3263332	Andrena_marginata
747468	Andrena_minutula
3263016	Andrena_nitida
698600	Andrena_nitidiuscula
747471	Andrena_praecox
1053843	Andrena_scotica
3263356	Andrena_trimmerana
3158161	Anerastia_lotella
4578014	Aneugmenus_padi
4578011	Aneugmenus_temporalis
428208	Angelica_archangelica
2997593	Anilocra_frontalis
348748	Anisosticta_novemdecimpunctata
882493	Anisus_vortex
224216	Anobium_punctatum
969564	Anoectangium_aestivum
3217	Anomodon_viticulosus
752968	Anomoia_purmunda
5341171	Anopheles_coluzzii
774165	Anoplius_caviventris
3261843	Anoplius_nigerrimus
521522	Anorthoa_munda
430239	Anser_albifrons
190887	Anser_anser
970372	Anser_brachyrhynchus
691333	Anser_erythropus
325140	Anser_fabalis
149996	Anseropoda_placenta
964000	Antedon_bifida
360418	Anthelia_julacea
3143310	Anthene_sylvanus
3266473	Anthidium_manicatum
518837	Anthobium_unicolor
398585	Anthocharis_cardamines
290116	Anthocomus_fasciatus
548488	Anthocoris_confusus
54051	Anthocoris_nemoralis
356931	Anthomyza_gracilis
102012	Anthonomus_pomorum
401829	Anthophila_fabriciana
811589	Anthophora_plumipes
4429875	Anthrax_anthrax
1074874	Anthriscus_sylvestris
695347	Anthus_petrosus
870543	Anthus_pratensis
695340	Anthus_trivialis
253733	Anthyllis_vulneraria
63662	Anticlea_derivata
798110	Antitrichia_curtipendula
521519	Antitype_chi
963003	Anyphaena_accentuata
3552057	Anyphaena_sabina
3280776	Apaeleticus_inimicus
209994	Apamea_anceps
804629	Apamea_crenata
36068	Apamea_epomidion
36070	Apamea_lithoxylaea
50269	Apamea_monoglypha
36065	Apamea_scolopacina
366744	Apamea_sordens
217359	Apamea_sublustris
366751	Apamea_unanimis
3285092	Apechthis_compunctor
710937	Apeira_syringaria
495344	Aphantopus_hyperantus
804635	Aphelia_paleana
3054641	Aphelia_viburniana
3355817	Aphidecta_obliterata
1003181	Aphodius_ater
379714	Aphodius_fimetarius
1032341	Aphodius_granarius
724425	Aphodius_sticticus
546354	Aphomia_sociella
3371281	Aphthona_herbigrada
290118	Aphthona_nonstriata
461645	Apis_mellifera
4277650	Aplasta_ononaria
3644567	Aplidium_pallidum
3644569	Aplidium_turbinatum
710940	Aplocera_efformata
536947	Aplocera_plagiata
57943	Aplotarsus_incanus
315055	Apocheima_hispidaria
1091774	Apoda_limacodes
794922	Apodemus_sylvaticus
727512	Apoderus_coryli
3156880	Apomyelois_bistriatella
242984	Aponogeton_distachyos
4047122	Aporia_crataegi
3209660	Aporophyla_australis
3209666	Aporophyla_lueneburgensis
521527	Aporophyla_nigra
128734	Aporrectodea_caliginosa
280280	Aporrectodea_icterica
1059692	Apotomis_betuletana
178009	Apotomis_capreana
1059690	Apotomis_turbidana
7141400	Aproaerema_taeniolella
3226167	Aproaerema_vinella
5230033	Aproceros_leucopoda
263127	Aquila_chrysaetos
479314	Aquila_chrysaetos_chrysaetos
964058	Aquilegia_vulgaris
758345	Ara_militaris
309263	Arabidopsis_thaliana
550043	Arabis_hirsuta
3473097	Aradus_depressus
3472897	Aradus_truncatus
469206	Araneus_angulatus
434713	Araneus_marmoreus
524911	Araneus_quadratus
3569434	Araniella_cucurbitina
100947	Arbutus_unedo
683395	Archanara_dissoluta
795994	Archiearis_parthenias
3055241	Archips_crataeganus
254514	Archips_podanus
178478	Archips_xylosteana
891703	Arctia_villica
46196	Arctium_lappa
756713	Arctium_minus
3558648	Arctosa_perita
50689	Arcuatula_senhousia
119222	Ardea_cinerea
161914	Arenaria_serpyllifolia
941625	Arenicola_marina
521524	Arenostola_phragmitidis
3244974	Arge_berberidis
3244979	Arge_ochropus
3244982	Arge_pagana
847452	Arge_ustulata
1043550	Argiope_bruennichi
8220	Argynnis_aglaja
340991	Argyra_leucocephala
3219138	Argyresthia_albistria
3219246	Argyresthia_cupressella
1085768	Argyresthia_goedartella
3219161	Argyresthia_praecocella
753534	Arhopalus_rusticus
270449	Aria_edulis
230337	Arianta_arbustorum
390969	Aricia_agestis
390972	Aricia_artaxerxes
905174	Aristotelia_ericinella
957534	Aritranis_director
376128	Armillaria_ostoyae
309283	Armoracia_rusticana
3367513	Aromia_moschata
246967	Artemisia_norvegica
4206229	Arthaldeus_pascuellus
684847	Arvicola_amphibius
658	Ascidia_mentula
898217	Ascidiella_aspersa
5320188	Ascidiella_scabra
335971	Asellus_aquaticus
4606404	Aspidapion_aeneum
3038702	Aspilapteryx_tringipennella
1030093	Aspitates_ochrearia
721252	Asterias_rubens
174352	Asterina_gibbosa_Pennant_1777
823232	Asterina_phylactica
713525	Asterocarpa_humilis
521515	Asteroscopus_sphinx
314135	Astragalus_alpinus
564650	Astragalus_glycyphyllos
269238	Astropecten_irregularis
1098937	Atethmia_centrago
902194	Athalia_circularis
921053	Athalia_cordata
106278	Athalia_rosae
427150	Athene_noctua
4455064	Atherix_ibis
1038466	Athrips_mouffetella
190993	Athripsodes_cinereus
841448	Atolmis_rubricollis
371275	Atrichum_undulatum
119704	Atriplex_glabriuscula
222732	Atriplex_littoralis
232448	Atropa_belladonna
161628	Attagenus_pellio
4431573	Atylotus_fulvus
4452743	Atylotus_latistriatus
4452698	Atylotus_rusticus
991828	Aulacomnium_androgynum
661305	Aulactinia_verrucosa
42930	Aureoboletus_gentilis
481258	Autographa_gamma
556885	Autographa_pulchrina
1098934	Axylia_putris
817989	Aythya_ferina
817992	Aythya_fuligula
1044561	Aythya_marila
4364968	Azelia_nebulosa
2856479	Azorinus_chamasolen
434823	Baccha_elongata
804643	Bactra_lancealana
5014751	Baetis_atlanticus
48987	Baetis_rhodani
800317	Balaenoptera_acutorostrata
800329	Balaenoptera_borealis
226193	Balaenoptera_physalus
437438	Balanococcus_diminutus
298394	Ballota_nigra
7865517	Baranisobas_ridibundus
35910	Barbarea_vulgaris
611751	Barbatula_barbatula
5679355	Barbilophozia_sudetica
780943	Barbus_barbus
4552357	Barichneumon_chionomus
501251	Barycnemis_harpura
3282745	Barylypa_propugnator
691158	Barypeithes_pellucidus
1029237	Bathysaurus_mollis
201679	Bathythrix_pellucidator
599767	Batia_lambdella
35093	Batrachedra_pinicolella
242236	Batrachedra_praeangusta
3460780	Batracomorphus_irroratus
692559	Bazzania_pearsonii
898342	Bazzania_tricrenata
738985	Bazzania_trilobata
1055007	Bedellia_somnulentella
4388346	Bellardia_bayeri
4364640	Bellardia_pandia
83798	Bellardia_viscosa
792843	Bellis_perennis
642255	Bembecia_ichneumoniformis
793093	Berberis_aquifolium
996604	Berberis_vulgaris
4364739	Beris_chalybata
371567	Beris_morrisii
3470347	Berytinus_crassipes
3470315	Berytinus_minor
3470332	Berytinus_montivagus
267719	Betula_pendula
456846	Betula_pubescens
653470	Betulapion_simile
121916	Bibio_marci
559934	Bicyclus_anynana
86785	Bidens_cernua
1098821	Bimastos_rubidus
673791	Biomphalaria_glabrata
973436	Biphyllus_lunatus
5723383	Bispira_polyomma
968114	Biston_betularia
315062	Biston_stratarius
2891877	Bithynia_leachii
389319	Bitoma_crenata
756399	Blasia_pusilla
3222476	Blastobasis_adustella
3222460	Blastobasis_lacticolella
3222508	Blastobasis_vittata
898543	Blennius_ocellaris
1011660	Blera_fallax
3863303	Blindiadelphus_recurvatus
992152	Blitum_bonus_henricus
185062	Boletina_plana
1064470	Boloria_euphrosyne
1038979	Boloria_selene
991539	Bombina_variegata
713462	Bombus_campestris
815395	Bombus_distinguendus
386322	Bombus_hortorum
161183	Bombus_hypnorum
386321	Bombus_jonellus
161187	Bombus_lapidarius
161192	Bombus_lucorum
689189	Bombus_monticola
483324	Bombus_muscorum
1093159	Bombus_pascuorum
161196	Bombus_pratorum
192294	Bombus_sylvarum
507835	Bombus_sylvestris
161197	Bombus_terrestris
864249	Bombus_vestalis
4431423	Bombylius_discolor
138463	Bombylius_major
4431353	Bombylius_minor
23993	Borkhausenia_fuscescens
258156	Borostomias_antarcticus
805148	Botrylloides_diegensis
475514	Brachmia_blandella
826509	Brachydontium_trichodes
880781	Brachylomia_viminalis
4359907	Brachyopa_scutellaris
860647	Brachypalpoides_lentus
4355180	Brachypalpus_laphriformis
5018764	Brachyptera_putata
271980	Brachyptera_risi
533874	Brachypterus_glaber
734784	Brachythecium_rutabulum
801608	Branchiostoma_lanceolatum
714461	Branta_canadensis
799124	Branta_leucopsis
833635	Brassica_nigra
5690885	Braunia_imberbis
389216	Bromus_sterilis
5043619	Bruchidius_siliquastri
211195	Bruchidius_varius
661535	Bruchidius_villosus
87366	Bruchus_rufimanus
3863946	Bryoerythrophyllum_caledonicum
1061327	Bryoerythrophyllum_ferruginascens
5933484	Bryophila_domestica
3224887	Bryotropha_affinis
649104	Bryotropha_senectella
632972	Bryotropha_terrella
3856942	Bryum_calophyllum
3856746	Bryum_knowltonii
3857049	Bryum_marratii
926767	Bryum_moravicum
3856964	Bryum_riparium
3280461	Buathra_laborator
3033311	Bucculatrix_nigricomella
649106	Bucculatrix_thoracella
166683	Bucephala_clangula
125854	Buddleja_davidii
889350	Bufo_bufo
186718	Buglossidium_luteum
535902	Buglossoporus_quercinus
100737	Bugula_neritina
547653	Bugulina_stolonifera
119214	Buteo_buteo
322935	Butyriboletus_subappendiculatus
1000252	Buxus_sempervirens
63666	Cabera_exanthemata
315065	Cabera_pusaria
420848	Cacoecimorpha_pronubana
624495	Caenorhabditis_monodelphis
1071548	Calameuta_filiformis
181112	Calameuta_pallipes
3168212	Calamotropha_paludella
795134	Calathus_fuscipes
276640	Calathus_melanocephalus
768229	Calendula_officinalis
654824	Calidris_alba
887705	Calidris_alpina
214779	Calidris_canutus
918827	Callicera_rufa
1005350	Calliergon_cordifolium
405418	Calliergonella_cuspidata
1024979	Callimorpha_dominula
795408	Callionymus_lyra
4418760	Calliopum_aeneum
4418748	Calliopum_simillimum
539005	Calliphora_loewi
1010998	Calliphora_vicina
724009	Calliphora_vomitoria
325722	Calliteara_pudibunda
294928	Callitriche_obtusangula
903394	Callitriche_stagnalis
1080794	Calluna_vulgaris
4592073	Calodromius_spilotus
3595600	Calonectris_borealis
1029952	Calophasia_lunula
3037449	Caloptilia_robustella
3037412	Caloptilia_rufipennella
927588	Calvia_quattuordecimguttata
1081895	Calystegia_soldanella
636958	Campaea_margaritaria
219663	Campanula_latifolia
4402973	Campiglossa_producta
3283982	Campoletis_raptor
291000	Campsicnemus_scambus
136899	Camptogramma_bilineatum
534229	Campylopus_flexuosus
435378	Campylopus_introflexus
183504	Candelabrum_cocksii
247341	Canis_lupus
696491	Cantharis_decipiens
5074297	Cantharis_figurata
337111	Cantharis_flavilabris
696493	Cantharis_lateralis
5074300	Cantharis_nigra
696495	Cantharis_pallida
337114	Cantharis_pellucida
630874	Cantharis_rufa
725489	Cantharis_rustica
178687	Caprimulgus_europaeus
248885	Carabus_intricatus
823417	Carabus_nemoralis
823413	Carabus_problematicus
400868	Caradrina_clavipalpis
556895	Caradrina_kadenii
559230	Caradrina_morpheus
1010092	Carassius_carassius
564247	Carcina_quercana
609008	Cardamine_amara
608996	Cardamine_flexuosa
608999	Cardamine_hirsuta
609020	Cardamine_pratensis
1083719	Carduelis_carduelis
249618	Carduus_crispus
597709	Carduus_nutans
576808	Carex_acutiformis
397260	Carex_arenaria
836016	Carex_bigelowii
758240	Carex_caryophyllea
397262	Carex_depauperata
836040	Carex_distans
345702	Carex_divulsa
397258	Carex_echinata
323067	Carex_elata
836050	Carex_extensa
189167	Carex_hirta
38675	Carex_laevigata
988027	Carex_lasiocarpa
879276	Carex_montana
397256	Carex_nigra
958310	Carex_pendula
958317	Carex_riparia
682864	Carex_rostrata
345698	Carex_spicata
847595	Carex_sylvatica
1066139	Carlina_vulgaris
1069565	Carpatolechia_decorella
262776	Carpatolechia_fugitivella
466468	Carpinus_betulus
482394	Carpobrotus_edulis
141131	Carsia_sororiata
775946	Carterocephalus_palaemon
814057	Cartodere_bifasciata
3224078	Caryocolum_tricolorella
1028994	Castanea_sativa
1048188	Castor_fiber
3154022	Cataclysta_lemnata
285405	Catapodium_rigidum
187432	Catarhoe_cuculata
212365	Catarhoe_rubidata
650242	Catocala_fraxini
235031	Catocala_nupta
3203626	Catocala_promissa
230661	Catocala_sponsa
914925	Catops_nigricans
755641	Catoptria_pinella
1091654	Cauchas_fibulella
1055000	Cauchas_rufimitrella
532307	Celastrina_argiolus
3051688	Celypha_lacunana
249645	Celypha_striana
7138389	Cenopis_cana
732976	Centaurium_erythraea
7581341	Centaurium_intermedium
983300	Cepaea_hortensis
891883	Cepaea_nemoralis
1089825	Cephus_pygmeus
809442	Cephus_spinipes
143017	Cepola_macrophthalma
3026879	Ceraclea_albimacula
519222	Ceraclea_dissimilis
880778	Ceramica_pisi
105723	Cerapteryx_graminis
733490	Cerastis_leucographa
880788	Cerastis_rubricosa
1001424	Cerastium_alpinum
439669	Cerastoderma_edule
128407	Cerastoderma_glaucum
170263	Ceratinostoma_ostiorum
187661	Ceratocapnos_claviculata
195704	Ceratodon_purpureus
2997547	Ceratothoa_steindachneri
4532793	Cerceris_ruficornis
4532773	Cerceris_rybyensis
264424	Ceriagrion_tenellum
1007196	Certhia_familiaris
262512	Cerura_vinula
936014	Cervus_elaphus
3706	Cetonia_aurata
73671	Cetorhinus_maximus
1010418	Cettia_cetti
117660	Ceutorhynchus_obstrictus
340140	Chaetocnema_hortensis
322041	Chaetopeltis_orbicularis
1048977	Chalcis_sispes
434831	Chalcosyrphus_nemorum
139466	Chamaenerion_angustifolium
298588	Chamelea_striatula
425445	Charadrius_hiaticula
434657	Charanyca_ferruginea
262510	Charanyca_trigrammica
219803	Cheilosia_fraterna
946349	Cheilosia_grossa
485396	Cheilosia_illustrata
219801	Cheilosia_impressa
845436	Cheilosia_pagana
794489	Cheilosia_scutellata
299158	Cheilosia_soror
499620	Cheilosia_urbana
946343	Cheilosia_variabilis
209656	Cheilosia_vernalis
845444	Cheilosia_vulpina
697156	Chelidonichthys_cuculus
3631590	Chelidonichthys_lucerna
777079	Chelon_labrosus
892395	Chenopodium_album
187435	Chesias_legatella
264934	Chiasmia_clathrata
269681	Chironomus_tentans
1083715	Chloris_chloris
5152554	Chlorochytrium_lemnae
63678	Chloroclysta_siterata
1030085	Chloroclystis_v_ata
915094	Chloromyia_formosa
949907	Chlorophyllum_brunneum
4412330	Chlorops_pumilionis
4436537	Choerades_gilvus
434568	Choneiulus_palmatus
77071	Choreutis_nemorana
4446312	Chorisops_tibialis
960412	Chortodes_pygminus
938670	Chroicocephalus_ridibundus
62986	Chrysis_angustula
4353394	Chrysogaster_coemiteriorum
232779	Chrysolina_americana
1016199	Chrysolina_graminis
979876	Chrysolina_haemoptera
453847	Chrysolina_herbacea
1016198	Chrysolina_hyperici
3369673	Chrysolina_oricalcia
14524	Chrysomela_populi
3369622	Chrysomela_saliceti
994257	Chrysoperla_carnea
4364396	Chrysopilus_asiliformis
4453088	Chrysops_caecutiens
4453081	Chrysops_relictus
1020201	Chrysops_viduatus
294944	Chrysosplenium_oppositifolium
3166996	Chrysoteuchia_culmella
691675	Chrysotoxum_bicinctum
691667	Chrysotoxum_festivum
4357197	Chrysotoxum_verralli
4419833	Chymomyza_fuscimana
3458583	Cicadella_lasiocarpae
582674	Cicadella_viridis
155225	Cicerbita_muralis
363031	Ciconia_ciconia
324160	Ciconia_episcopus
15517	Cidaria_fulvata
33200	Ciliata_mustela
207827	Cinara_cedri
753367	Cinara_pinea
496009	Cinclus_cinclus
581831	Circus_cyaneus
304694	Cirriformia_tentaculata
22644	Cirsium_dissectum
316122	Cirsium_eriophorum
850437	Cirsium_heterophyllum
385493	Cis_bilamellatus
4357521	Cistogaster_globosa
51764	Cladonia_squamosa
316879	Clangula_hyemalis
805175	Clava_multicornis
449632	Clavaria_fumosa
160856	Clavariadelphus_pistillaris
941454	Clavelina_lepadiformis
379326	Clavelina_producta
115796	Claytonia_sibirica
227274	Cleorodes_lichenaria
418011	Clepsis_consimilana
3055409	Clepsis_dumicolana
411691	Climacium_dendroides
536664	Clistopyga_incitator
387027	Clitocybe_odora
438742	Clitopilus_prunulus
924893	Clivina_fossor
725593	Cloeon_dipterum
311364	Clogmia_albipunctata
262516	Clostera_curtula
3478644	Closterotomus_norwegicus
3478596	Closterotomus_trivialis
3543190	Clubiona_comta
314374	Clubiona_pallidula
3543091	Clubiona_phragmitis
435041	Clusia_tigrina
3092000	Cnaemidophorus_rhododactyla
3053533	Cnephasia_longana
907064	Cnephasia_stephensiana
14761	Cobitis_taenia
629405	Coccidula_rufa
348746	Coccinella_magnifica
343294	Coccinella_septempunctata
348761	Coccinella_undecimpunctata
955156	Coccus_hesperidum
440670	Cochlearia_danica
179549	Cochlostoma_elegans
3056949	Cochylidia_implicitana
3056056	Cochylidia_rupicola
3054285	Cochylis_nana
26443	Codriophorus_aciculare
3285677	Coelichneumon_leucocerus
3263656	Coelioxys_conoideus
547670	Coelopa_frigida
253239	Coelopa_pilipes
1051265	Coelostoma_orbiculare
235167	Coenagrion_pulchellum
211452	Coenobia_rufa
479456	Coenosia_tigrina
824954	Coincya_wrightii
295700	Colchicum_autumnale
3220216	Coleophora_albicosta
238768	Coleophora_alticolella
461552	Coleophora_argentula
560855	Coleophora_deauratella
280063	Coleophora_flavipennella
3220892	Coleophora_follicularis
280061	Coleophora_galbulipennella
456945	Coleophora_gryphipennella
3220730	Coleophora_lixella
23856	Coleophora_lutipennella
334427	Coleophora_niveicostella
484781	Coleophora_otidipennella
771814	Coleophora_pennella
4948	Coleophora_solitariella
962739	Coleophora_striatipennella
280051	Coleophora_sylvaticella
765655	Colias_croceus
184859	Colletes_cunicularius
1019130	Collyria_trichophthalma
262514	Colocasia_coryli
711848	Coloeus_monedula
3086299	Colostygia_multistrigaria
761578	Colostygia_pectinataria
272586	Colotois_pennaria
921832	Columba_oenas
938408	Columba_palumbus
755448	Colydium_elongatum
902637	Comarum_palustre
212349	Comibaena_bajularia
3056839	Commophila_aeneana
142596	Conger_conger
262494	Conistra_ligula
850209	Conistra_vaccinii
199292	Conocephalum_conicum
5178	Conomelus_anceps
4396163	Conops_quadrifasciatus
1071032	Convolvulus_arvensis
3016328	Conwentzia_psociformis
1046466	Coprinellus_micaceus
363316	Coprinopsis_atramentaria
131782	Cordilura_impudica
210435	Cordulegaster_boltonii
559032	Cordyceps_fumosorosea
872355	Coregonus_lavaretus
489110	Corella_eumyota
3645995	Corella_parallelogramma
1098579	Coremacera_marginata
349699	Cornu_aspersum
21994	Cornus_sanguinea
309628	Cornus_suecica
258783	Corrigiola_litoralis
764684	Cortinarius_acutus
845402	Cortinarius_anomalus
224499	Cortinarius_bolaris
693763	Cortinarius_cisticola
1051774	Cortinarius_croceocaeruleus
658210	Cortinarius_elegantissimus
748422	Cortinarius_flexipes
748423	Cortinarius_hemitrichus
448656	Cortinarius_splendens
174133	Cortinarius_torvus
499399	Cortinarius_triumphans
140425	Corvus_corax
711844	Corvus_corone
219955	Corvus_frugilegus
424336	Corylus_avellana
182954	Corylus_colurna
788733	Corynactis_viridis
463802	Cosmia_affinis
262476	Cosmia_pyralina
564244	Cosmia_trapezina
761583	Cosmorhoe_ocellata
528937	Cossus_cossus
3277066	Crabro_cribrarius
280049	Crambus_lathoniellus
127215	Crambus_pascuella
460120	Crambus_perlellus
203449	Craniophora_ligustri
3943236	Crassula_aquatica
547115	Crataegus_laevigata
653070	Crataegus_monogyna
289864	Crataerina_pallida
183999	Craterellus_tubaeformis
941972	Cratoneuron_filicinum
972185	Crepidodera_aurata
340141	Crepidodera_aurea
340142	Crepidodera_fulvicornis
949962	Crepis_capillaris
897460	Crex_crex
455658	Crioceris_asparagi
4354969	Criorhina_berberina
4355010	Criorhina_ranunculi
63680	Crocallis_elinguaria
1038897	Crocus_tommasinianus
3277532	Crossocerus_annulipes
3277440	Crossocerus_cetratus
442651	Cruciata_laevipes
522145	Crudosilis_ruficollis
275836	Cryphaea_heteromalla
837101	Cryphia_algae
137542	Cryptocephalus_moraei
5825147	Cryptocephalus_primarius
870533	Cryptocephalus_pusillus
3355083	Cryptophagus_acutangulus
1007812	Cryptops_hortensis
5009257	Cryptopygus_clavatus
344715	Cryptorhynchus_lapathi
900629	Cryptosula_pallasiana
385863	Cryptus_armator
674367	Cryptus_viduatorius
6251743	Ctenicera_cuprea
392022	Culiseta_annulata
748179	Cupido_minimus
447355	Curculio_glandium
862895	Curruca_communis
1053792	Cuscuta_epithymum
152029	Cyaniris_semiargus
746120	Cyanistes_caeruleus
837085	Cybosia_mesomella
540281	Cyclophora_albipunctata
212347	Cyclophora_annularia
584718	Cyclophora_linearia
126684	Cyclophora_punctaria
1030081	Cyclophora_puppillaria
237344	Cyclopterus_lumpus
3170808	Cydalima_perspectalis
3051117	Cydia_amplana
3051302	Cydia_fagiglandana
752792	Cydia_splendana
752788	Cydia_strobilella
207360	Cygnus_columbianus
817994	Cygnus_cygnus
140314	Cygnus_olor
177534	Cylindroiulus_punctatus
4377001	Cylindromyia_interrupta
343008	Cylloceria_caligata
906116	Cymatophorima_diluta
75202	Cymbalaria_muralis
428783	Cynodontium_bruntonii
460990	Cynomya_mortuorum
157135	Cyperus_fuscus
3471775	Cyphostethus_tristriatus
4439626	Cyrtopogon_pulchripes
242145	Cystoderma_amianthinum
904680	Dactylorhiza_fuchsii
3412478	Dalopius_marginatus
1005914	Danio_rerio
761497	Dascillus_cervinus
76251	Dasypoda_hirtipes
837087	Dasypolia_templi
490758	Dasysyrphus_albostriatus
4357261	Dasysyrphus_tricinctus
372836	Daucus_carota
2882997	Daudebardia_rufa
3093426	Deilephila_elpenor
3093425	Deilephila_porcellus
116718	Delia_radicum
36109	Delichon_urbicum
698438	Delphinus_delphis
4236984	Delplanqueia_inscriptella
4380096	Demoticus_plebejus
348848	Dendrocopos_major
623075	Dendrogyra_cylindrus
413584	Dendrolimus_pini
495397	Denticollis_linearis
3229752	Depressaria_douglasella
58513	Deschampsia_cespitosa
67981	Descurainia_sophia
7229677	Dexiosoma_caninum
301813	Diachrysia_chrysitis
935973	Diadocidia_ferruginosa
100009	Diadumene_lineata
3582	Diapensia_lapponica
296616	Diaperis_boleti
211600	Diaphora_mendica
211598	Diarsia_brunnea
3207945	Diarsia_dahlii
211596	Diarsia_mendica
211594	Diarsia_rubi
127280	Diastrophus_rubi
3646215	Diazona_violacea
749498	Dichetophora_obliterata
3223019	Dichomeris_marginella
3050774	Dichrorampha_alpinana
3050903	Dichrorampha_sequana
4412916	Dicraeus_fennicus
3475394	Dicranocephalus_agilis
747817	Dicranodontium_denudatum
1060545	Dicranoweisia_cirrata
1060000	Dicranum_bonjeanii
722980	Dicranum_flexicaule
3862344	Dicranum_scottianum
143953	Dicranum_tauricum
4264886	Dicycla_oo
5008221	Dicyrtoma_fusca
5008242	Dicyrtomina_minuta
847560	Dicyrtomina_saundersi
212667	Didymodon_insulanus
123224	Didymodon_rigidulus
971465	Digitaria_sanguinalis
3219577	Digitivalva_pulicariae
211592	Diloba_caeruleocephala
423689	Dilophus_febrilis
837324	Dilophus_femoratus
286433	Dilutineuron_fasciculare
1000603	Dinocampus_coccinellae
1029527	Dinocras_cephalotes
4438704	Dioctria_baumhaueri
4438677	Dioctria_linearis
466915	Dioctria_rufipes
4497477	Diogma_glabrata
429348	Diphasiastrum_alpinum
40237	Diplazon_laetatorius
751845	Diplecogaster_bimaculata
1014449	Diplocoelus_fagi
279736	Diplosoma_listerianum
55637	Diplosoma_spongiforme
994148	Dipsacus_fullonum
881959	Dipturus_intermedius
318810	Distichium_capillaceum
3861970	Ditrichum_cornubicum
871679	Ditula_angustiorana
422150	Diurnea_fagella
3227865	Diurnea_lipsiella
4479686	Dixa_nubilipennis
3245379	Dolerus_asper
3245366	Dolerus_haematodes
3245364	Dolerus_madidus
3245387	Dolerus_nigratus
3245374	Dolerus_triplicatus
3287213	Dolichomitus_mesocentrus
835489	Dolichopus_griseipennis
117675	Dolichopus_picipes
4333942	Dolichopus_virgultorum
642726	Dolichovespula_media
377669	Dolichovespula_saxonica
377682	Dolichovespula_sylvestris
73033	Dolomedes_plantarius
3167264	Donacaula_forficella
3167254	Donacaula_mucronella
571505	Doratura_stylata
867944	Dorcus_parallelipipedus
831948	Douinia_ovata
846698	Draba_incana
22646	Draba_verna
3552987	Drassodes_cupreus
77449	Dreisbachia_pictifrons
201843	Dreissena_polymorpha
897075	Drepana_falcataria
668660	Drepanosiphum_platanoidis
25901	Drilus_flavescens
864792	Dromius_quadrimaculatus
505706	Drosophila_funebris
916031	Drosophila_helvetica
746889	Drosophila_histrio
138600	Drosophila_immigrans
733216	Drosophila_limbata
355241	Drosophila_obscura
355240	Drosophila_phalerata
660827	Drosophila_subobscura
227752	Drosophila_suzukii
725141	Drusilla_canaliculata
176708	Dryas_octopetala
234695	Drymonia_dodonaea
234703	Drymonia_ruficornis
3471330	Drymus_sylvaticus
4253885	Dryobota_labecula
654789	Dryobotodes_eremita
3209747	Dryobotodes_tenebrosa
130145	Dryomyza_anilis
421168	Dunaliella_primolecta
211590	Dypterygia_scabriuscula
443033	Dysmachus_trigonus
336470	Dyspetes_luteomarginatus
3656994	Dytaster_grandis
3053681	Eana_incanana
753750	Earias_clorana
12978	Earophila_badiata
3006322	Ecdyonurus_torrentis
435192	Echiichthys_vipera
132767	Echinocardium_cordatum
616586	Echinus_esculentus
322517	Ecliptopera_silaceata
111311	Ecnomus_tenellus
3277026	Ectemnius_cavifrons
3277040	Ectemnius_continuus
3277051	Ectemnius_lituratus
370587	Ectobius_pallidus
3031029	Ectoedemia_decentella
183506	Ectopleura_larynx
934422	Ectropis_crepuscularia
733479	Egira_conspicillaris
211608	Eilema_caniola
485192	Eilema_depressum
14104	Eilema_griseolum
14107	Eilema_lurideolum
3183011	Eilema_sororcula
775248	Eimeria_acervulina
775254	Eimeria_maxima
836085	Eimeria_praecox
775246	Eimeria_tenella
213505	Eisenia_eiseni
3229280	Elachista_bedellella
6194442	Elachista_cinereopunctella
3229102	Elachista_stabilella
474058	Elasmostethus_interstinctus
358647	Electrona_antarctica
761580	Electrophaes_corylata
863808	Eledona_agricola
507653	Eledone_cirrhosa
1047572	Elegia_similella
913837	Eleocharis_palustris
913829	Eleocharis_parvula
790603	Eleocharis_quinqueflora
749489	Elgiva_cucularia
891369	Elmis_aenea
4505176	Eloeophila_maculata
753746	Elophila_nymphaeata
6520265	Emberiza_calandra
828708	Emberiza_citrinella
863267	Emmelina_monodactyla
535268	Emmesomyia_grisea
760250	Empetrum_nigrum
222504	Empis_livida
4341071	Empis_opaca
4340931	Empis_stercorea
7629	Empoasca_decipiens
86148	Encalypta_ciliata
563120	Encalypta_streptocarpa
840658	Endeis_spinosa
704885	Endomychus_coccineus
249660	Endothenia_marginana
3048789	Endothenia_ustulana
901192	Endotricha_flammealis
130613	Endromis_versicolora
3287060	Endromopoda_detrita
3287066	Endromopoda_phragmitidis
536930	Ennomos_alniaria
636966	Ennomos_erosarius
788400	Ennomos_fuscantarius
50273	Ennomos_quercinarius
151967	Ensis_siliqua
7522591	Entoloma_atromadidum
740910	Entoloma_clypeatum
607794	Entomortierella_parvispora
481948	Epermenia_chaerophyllella
3687515	Ephebe_lanata
165266	Ephemera_vulgata
184411	Ephestia_kuehniella
3153749	Ephestia_unicolorella
92033	Ephialtes_manifestator
3050333	Epiblema_cirsiana
3050320	Epiblema_costipunctana
969496	Epiblema_foenella
774132	Epicampocera_succincta
436364	Epidalea_calamita
181424	Epilobium_ciliatum
266692	Epilobium_hirsutum
3050545	Epinotia_abbreviana
3050568	Epinotia_bilunana
3050539	Epinotia_brunnichana
3050499	Epinotia_cruciana
3050534	Epinotia_demarniana
127197	Epinotia_nisella
3050629	Epinotia_ramella
904439	Epinotia_subocellana
3050616	Epinotia_tenerana
584726	Epione_repandaria
303929	Epirrhoe_alternata
584730	Epirrhoe_tristata
995568	Epirrita_christyi
722880	Epistrophe_eligans
4358085	Epistrophe_grossulariae
1067353	Epistrophella_euchroma
281217	Episyrphus_balteatus
493714	Eptesicus_nilssonii
452795	Equisetum_palustre
542342	Equisetum_sylvaticum
523459	Erannis_defoliaria
3555267	Eratigena_atrica
485988	Erebia_aethiops
614976	Erebia_epiphron
680383	Erebia_ligea
4265258	Eremobia_ochroleuca
3470929	Eremocoris_podagricus
4558135	Eremotylus_marginatus
741536	Erica_ciliaris
100329	Erica_cinerea
369586	Erica_tetralix
796660	Erinaceus_europaeus
3244637	Eriocrania_chrysolepidella
3244636	Eriocrania_salopiella
580889	Eriophorum_angustifolium
738895	Eriophorum_vaginatum
4354288	Eristalinus_aeneus
4354901	Eristalinus_sepulchralis
1032197	Eristalis_arbustorum
4354750	Eristalis_intricaria
4354572	Eristalis_pertinax
621271	Eristalis_tenax
507122	Erithacus_rubecula
431177	Erodium_cicutarium
811807	Erodium_maritimum
811816	Erodium_moschatum
931415	Erpobdella_octoculata
1068084	Eryngium_campestre
459764	Erynnis_tages
7706621	Esperia_sulphurella
4377287	Estheria_cristata
7681	Ethiromyia_chalybea
3231761	Ethmia_dodecea
3231869	Ethmia_quadrillella
647221	Euchoeca_nebulata
79413	Euclidia_mi
904425	Eucosma_cana
4364885	Eudasyphora_cyanicolor
904427	Eudemis_profundana
689773	Eudocimus_ruber
379372	Eudonia_lacustrata
3161382	Eudonia_lineola
379370	Eudonia_mercurella
3161525	Eudonia_murana
3161373	Eudonia_pallida
753733	Eudonia_truncicolella
80663	Eugnorisma_glareosa
4617761	Eulagius_filicornis
3225105	Eulamprotes_atrella
584728	Eulithis_prunata
647224	Eulithis_testata
4353590	Eumerus_sabulonum
806632	Euonymus_europaeus
619358	Eupeodes_corollae
946808	Eupeodes_latifasciatus
59128	Eupeodes_luniger
871278	Euphorbia_amygdaloides
46554	Euphorbia_helioscopia
907417	Euphorbia_lathyris
683660	Euphorbia_maculata
871281	Euphorbia_peplus
1460	Euphrasia_confusa
754861	Euphrasia_nemorosa
844720	Euphrasia_tetraquetra
927499	Euphydryas_aurinia
217044	Eupithecia_abbreviata
217046	Eupithecia_absinthiata
217036	Eupithecia_centaureata
217038	Eupithecia_dodoneata
217034	Eupithecia_exiguata
740831	Eupithecia_haworthiata
125613	Eupithecia_icterata
160999	Eupithecia_insigniata
740833	Eupithecia_inturbata
984963	Eupithecia_lariciata
889189	Eupithecia_linariata
161017	Eupithecia_nanata
3084124	Eupithecia_phoeniceata
740822	Eupithecia_pimpinellata
887906	Eupithecia_pulchellata
170476	Eupithecia_pusillata
221473	Eupithecia_subfuscata
887914	Eupithecia_subumbrata
166209	Eupithecia_tripunctaria
248618	Eupithecia_ultimaria
166213	Eupithecia_valerianata
166221	Eupithecia_vulgata
785814	Euplagia_quadripunctaria
785816	Euplexia_lucipara
3054148	Eupoecilia_angustana
785818	Euproctis_chrysorrhoea
785821	Euproctis_similis
43167	Eupsilia_transversa
3459631	Eurhadina_loewii
84836	Eurois_occulta
857584	Eurygaster_testudinaria
3463301	Eurysa_lineata
616443	Euscorpius_flavicaudis
3037634	Euspilapteryx_auroguttella
4361938	Eustalomyia_histrio
196258	Euthrix_potatoria
4396751	Euthycera_fumigata
4442830	Eutolmus_rufibarbis
4578052	Eutomostethus_luteiventris
697144	Eutrigla_gurnardus
831830	Euura_bergmanni
1046715	Euura_tibialis
3153389	Euzophera_pinguis
3161845	Evergestis_limbata
3281044	Exephanes_ischioxanthus
997133	Fabriciana_adippe
2857669	Fabulina_fabula
2876088	Facelina_auriculata
774712	Fagus_sylvatica
897074	Falcaria_lacertinaria
786435	Falco_peregrinus
624974	Falco_punctatus
534514	Falco_tinnunculus
362478	Fallopia_convolvulus
3058314	Falseuncaria_ruficiliana
2876221	Favorinus_blianus
1011658	Ferdinandea_cuprea
1036807	Festuca_heterophylla
22300	Ficedula_hypoleuca
1096336	Filago_lutescens
347363	Filago_pyramidata
852863	Filipendula_ulmaria
208011	Filipendula_vulgaris
893292	Fissidens_adianthoides
960272	Fissidens_bryoides
40187	Fissidens_dubius
6002243	Fissidens_pusillus
981709	Fissidens_taxifolius
384101	Fissipunctia_ypsillon
189792	Flammulina_velutipes
3765774	Flavoplaca_marina
318807	Flexitrichum_flexicaule
7570711	Flexitrichum_gracile
4464527	Forcipomyia_palustris
744114	Formica_rufa
1031262	Fragaria_moschata
852873	Fragaria_vesca
714690	Frangula_alnus
671802	Fraxinus_excelsior
828694	Fringilla_coelebs
28332	Fringilla_montifringilla
887068	Fumaria_muralis
765280	Funaria_hygrometrica
160257	Furcula_furcula
609988	Gaidropsarus_vulgaris
110178	Galatella_linosyris
222250	Galega_officinalis
777382	Galeopsis_angustifolia
1066887	Galeopsis_tetrahit
3370600	Galeruca_laticollis
506077	Galerucella_nymphaeae
755833	Galerucella_sagittariae
400164	Galinsoga_quadriradiata
807641	Galium_aparine
598861	Galium_boreale
952314	Galium_uliginosum
952256	Galleria_mellonella
615378	Gallinago_gallinago
1041541	Gallinula_chloropus
761570	Gandaritis_pyraliata
908427	Ganoderma_resinaceum
2856839	Gari_tellinella
140432	Garrulus_glandarius
401066	Gasterosteus_aculeatus
3284616	Gasteruption_assectator
3321453	Gasteruption_jaculator
3306145	Gastracanthus_pulcherrimus
1091637	Gastrophysa_polygoni
535625	Gastrophysa_viridula
3282452	Gelis_areator
255204	Genista_pilosa
186069	Gentianella_amarella
893674	Geodia_phlegraei
1046626	Geokichla_citrina
788412	Geometra_papilionaria
306962	Geomyza_tripunctata
25902	Geotrupes_spiniger
453135	Geranium_dissectum
292272	Geranium_molle
340336	Geranium_pratense
628147	Geranium_rotundifolium
4378485	Germaria_angustata
1010564	Geronticus_eremita
543700	Gerris_lacustris
141384	Geum_macrophyllum
829919	Geum_rivale
852872	Geum_urbanum
3571335	Gibbaranea_gibbosa
839270	Gibbula_magus
3091025	Gillmeria_ochrodactyla
986636	Gillmeria_pallidactyla
921336	Gilpinia_frutetorum
96178	Glaucium_flavum
532312	Glaucopsyche_alexis
278053	Glaux_maritima
22375	Glechoma_hederacea
632434	Gliophorus_irrigatus
185345	Glis_glis
4250040	Globia_sparganii
124212	Globicephala_melas
603013	Glyphipterix_forsterella
3218994	Glyphipterix_fuscoviridella
379363	Glyphipterix_thrasonella
3029760	Glyphotaelius_pellucidus
422635	Gnaphalium_supinum
569714	Gnaphalium_uliginosum
230487	Gobio_gobio
1054967	Gobius_niger
963192	Gobius_paganellus
274183	Gonepteryx_rhamni
3475299	Gonocerus_acuteangulatus
38987	Gonodera_luperus
80666	Gortyna_flavago
3277505	Gorytes_laticinctus
999242	Gracillaria_syringella
160679	Grammoptera_ruficornis
154711	Grampus_griseus
687320	Graphiphora_augur
3051437	Grapholita_janthinana
3051545	Grapholita_jungiella
3051475	Grapholita_pallifrontana
4362635	Graphomya_maculata
3863154	Grimmia_atrata
163742	Grimmia_decipiens
163729	Grimmia_donniana
191867	Grimmia_elongata
163733	Grimmia_funalis
686693	Grimmia_montana
604969	Grimmia_pulvinata
698234	Grimmia_trichophylla
102759	Griposia_aprilina
589064	Grus_grus
1077624	Gryllus_bimaculatus
599281	Gryllus_campestris
4194882	Grypocoris_stysi
4607831	Grypus_equiseti
1021952	Gulosus_aristotelis
508151	Gymnocheta_viridis
238242	Gymnoscelis_rufifasciata
774130	Gymnosoma_rotundatum
915447	Gypsonoma_aceriana
5038700	Gyrinus_marinus
8008952	Gyroporus_aff_castaneus
663988	Habrosyne_pyritoides
160261	Hada_plebeja
160265	Hadena_bicruris
160269	Hadena_compta
225423	Haematopus_ostralegus
263118	Haliaeetus_albicilla
1040694	Halichoerus_grypus
776397	Hallomenus_binotatus
339168	Halyzia_sedecimguttata
846644	Hamearis_lucina
258281	Harmonia_axyridis
490238	Harmonia_quadripunctata
1067341	Harmothoe_impar
1067214	Harpalus_anxius
754017	Harpalus_rubripes
326464	Harpalus_rufipes
466313	Harpocera_thoracica
707352	Hecatera_bicolorata
707354	Hecatera_dysodea
524074	Hedera_helix
3856330	Hedwigia_stellata
296576	Hedya_nubiferana
970429	Hedya_ochroleucana
3051988	Hedya_pruniana
3051979	Hedya_salicella
4533936	Hedychridium_cupreum
454458	Hedychridium_roseum
3222876	Helcystogramma_rufescens
677491	Helianthemum_oelandicum
1058341	Helicoverpa_armigera
279123	Helina_obscurata
312409	Heliothis_peltigera
3091452	Hellinsia_carphodactyla
979285	Hellwigia_obscura
3093666	Hemaris_fuciformis
456721	Hemicrepidius_hirtus
1021585	Hemicrepidius_niger
3002128	Hemioniscus_balani
321862	Hemistola_chrysoprasaria
296582	Hemithea_aestivaria
761019	Heracleum_mantegazzianum
903088	Heracleum_sphondylium
984643	Herbertus_borealis
338804	Herbertus_hutchinsiae
984655	Herbertus_stramineus
495675	Heriades_truncorum
159293	Hericium_coralloides
240840	Hericium_erinaceus
4408983	Herina_lugubris
4408949	Herina_nigrina
813134	Hermaeophaga_mercurialis
735067	Herminia_grisealis
960420	Herminia_tarsipennalis
1093034	Hesperia_comma
281533	Hesperis_matronalis
2854911	Heteranomia_squamula
12603	Heterocladium_heteropterum
3470994	Heterogaster_urticae
4400278	Heteromyza_rotundicornis
479833	Heteropelma_amictum
746195	Heterotoma_planicornis
120915	Hibiscus_tridactylites
6117635	Hibiscus_verdcourtii
3897670	Hieracium_snowdoniense
3951100	Hierochloe_odorata
106369	Hipparchia_semele
623185	Hippophae_rhamnoides
880703	Hippuris_vulgaris
4420908	Hirtodrosophila_cameraria
1053135	Hofmannophila_pseudospretella
574582	Holcus_mollis
1051263	Hololepta_plana
187783	Holothuria_forskali
3152662	Homoeosoma_sinuella
332073	Honckenya_peploides
148621	Hookeria_lucens
3285636	Hoplismenus_bidentatus
3245148	Hoplocampa_crataegi
325718	Hoplodrina_ambigua
735063	Hoplodrina_blanda
499157	Hoplodrina_octogenaria
657948	Hordeum_vulgare
887900	Horisme_tersata
166228	Horisme_vitalbata
110111	Hottonia_palustris
84020	Humulus_lupulus
693033	Hybos_culiciformis
477268	Hybos_femoratus
160851	Hydnum_repandum
166349	Hydraecia_micacea
796001	Hydriomena_furcata
322358	Hydrocotyle_vulgaris
479464	Hydrotaea_cyrtoneurina
4365106	Hydrotaea_diabolus
4365081	Hydrotaea_militaris
957863	Hydrotaea_similis
140650	Hygrocybe_chlorophana
110718	Hygrocybe_citrinovirens
462737	Hygrocybe_coccinea
110716	Hygrocybe_conica
87605	Hygrocybe_helobia
248055	Hygrocybe_punicea
493972	Hygrohypnum_duriusculum
34609	Hygromia_cinctella
264938	Hylaea_fasciaria
5828256	Hylaeus_dilatatus
954943	Hylaeus_hyalinatus
3274256	Hylaeus_signatus
273894	Hylobius_abietis
1048956	Hylocomiadelphus_triquetrus
78134	Hymenoloma_crispulum
728853	Hyocomium_armoricum
1085142	Hypatima_rhomboidella
582587	Hypena_proboscidalis
157946	Hypera_postica
490243	Hypera_rumicis
283621	Hypericum_androsaemum
295787	Hypericum_hircinum
295773	Hypericum_hirsutum
331010	Hypericum_maculatum
618681	Hypericum_perforatum
725693	Hypericum_pulchrum
1003913	Hyperoodon_ampullatus
3639828	Hyperoplus_immaculatus
160023	Hypnum_cupressiforme
388985	Hypochaeris_maculata
3067538	Hypomecis_atomaria
255300	Hypomecis_punctinalis
3289885	Hyposoter_dolosus
109316	Hyppa_rectilinea
624465	Hypsopygia_costalis
3058921	Hysterophora_maculosana
676506	Icerya_purchasi
3285039	Ichneumon_extensorius
3313050	Ichneumon_xanthorius
679096	Idaea_aversata
846948	Idaea_biselata
458537	Idaea_dimidiata
313349	Idaea_emarginata
689413	Idaea_fuscovenosa
3079919	Idaea_ochrata
698497	Idaea_rusticata
878694	Idaea_seriata
846946	Idaea_straminata
313357	Idaea_sylvestraria
3080198	Idaea_trigeminata
670988	Ilex_aquifolium
749491	Ilione_lineata
1097519	Ilybius_aenescens
15716	Impatiens_glandulifera
460548	Impatiens_noli_tangere
1058068	Impatiens_parviflora
869372	Incurvaria_masculella
9940	Incurvaria_pectinea
821621	Inocybe_asterospora
846926	Inocybe_fraudans
827852	Inocybe_grammopodia
505977	Inocybe_obscuroides
366774	Inocybe_petiginosa
57431	Inocybe_sindonia
424751	Inocybe_tigrina
71940	Inula_conyza
959573	Inula_salicina
109312	Ipimorpha_subtusa
720712	Ips_sexdentatus
42054	Iris_foetidissima
201901	Ischnodemus_sabuleti
253311	Ischnura_elegans
702268	Ischnus_inquisitorius
955647	Isochrysis_galbana
789595	Isolepis_cernua
921935	Isoperla_grammatica
564814	Isothecium_myosuroides
3286571	Itoplectis_maculator
103092	Jacobaea_maritima
238719	Jacobaea_vulgaris
907479	Jaera_albifrons
117707	Jasione_montana
138717	Juglans_regia
523832	Juncus_bufonius
984434	Juncus_conglomeratus
26727	Juncus_effusus
91713	Juncus_inflexus
473581	Juncus_squarrosus
2862130	Kellia_suborbicularis
491854	Kiaeria_blyttii
463188	Koelreuteria_paniculata
694956	Korscheltellus_lupulinus
595686	Kuehneromyces_mutabilis
169571	Kurzia_trichoclados
4208485	Kybos_smaragdulus
940070	Kyklioacalles_roboris
706299	Labia_minor
292710	Labrus_bergylta
789965	Labrus_mixtus
554266	Laburnum_anagyroides
109324	Lacanobia_contigua
310075	Lacanobia_oleracea
14089	Lacanobia_wlatinum
118975	Laccobius_striatulus
3419089	Laccophilus_minutus
912865	Lactarius_blennius
685280	Lactarius_evosmus
5265	Lactarius_fulvissimus
186669	Lactarius_pubescens
186674	Lactarius_tabidus
760939	Lactarius_vellereus
104457	Lactuca_saligna
825695	Ladona_depressa
343979	Laetiporus_sulphureus
825969	Lagenorhynchus_albirostris
874742	Lagria_hirta
907329	Lamium_amplexicaule
907319	Lamium_purpureum
801627	Lampetra_fluviatilis
986597	Lampronia_capitella
238235	Lampropteryx_suffumata
4209256	Lamprotettix_nitidulus
27722	Laothoe_populi
353449	Lapsana_communis
1049189	Larentia_clavaria
1011515	Larinioides_cornutus
944335	Larinus_planus
791957	Larus_argentatus
855472	Larus_canus
887701	Larus_fuscus
1092574	Larus_glaucescens
515357	Larus_hyperboreus
887691	Larus_marinus
1041800	Larus_michahellis
416090	Larus_occidentalis
969296	Lasioglossum_calceatum
1056545	Lasioglossum_lativentre
1056552	Lasioglossum_leucozonium
1006444	Lasioglossum_morio
1006440	Lasioglossum_pauxillum
3270734	Lasioglossum_prasinum
480217	Lasioglossum_villosulum
106375	Lasiommata_megera
53385	Lasiorhynchites_cavifrons
884929	Lasius_brunneus
915704	Lasius_flavus
884932	Lasius_fuliginosus
101195	Lasius_platythorax
726892	Laspeyria_flexula
178174	Lathraea_clandestina
404932	Lathraea_squamaria
490244	Lathrobium_brunnipes
95622	Lathrobium_fulvipenne
3059194	Lathronympha_strigana
1036586	Lathyrus_aphaca
177918	Lathyrus_linifolius
5853370	Lecanipa_bicincta
137222	Leersia_oryzoides
4495690	Leia_fascipennis
4495675	Leia_winthemii
4607203	Leiosoma_deflexum
451623	Leiothrix_argentauris
756619	Leistus_fulvibarbis
163440	Leistus_rufomarginatus
95608	Leistus_spinibarbis
483446	Lemna_minuta
864431	Leontodon_hispidus
339442	Leotia_lubrica
579400	Lepas_anatifera
2943503	Lepeophtheirus_nordmannii
1037331	Lepidium_campestre
237117	Lepidium_didymum
209750	Lepidium_draba
681790	Lepidium_latifolium
472453	Lepidochitona_cinerea
972348	Lepidocyrtus_curvicollis
931070	Lepidonotus_clava
680884	Lepidozia_cupressina
751942	Lepidozia_reptans
845486	Lepisma_saccharina
154545	Lepista_sordida
338086	Leptarthrus_brevirostris
173126	Leptidea_sinapis
5026736	Leptocerus_tineiformis
338090	Leptogaster_cylindrica
7519697	Leptographium_flavum
103984	Leptopterna_dolabrata
122632	Leptura_quadrifasciata
408280	Lestes_sponsa
1016308	Lesteva_pubescens
3715	Lesteva_punctata
4533342	Lestiphorus_bicinctus
647372	Leucania_comma
847071	Leuciscus_leuciscus
747814	Leucobryum_glaucum
1023956	Leucobryum_juniperoideum
355404	Leucocephalonemertes_aurantiaca
119318	Leucodon_sciuroides
113154	Leucoma_salicis
4361778	Leucophora_obtusa
4361760	Leucophora_personata
4360933	Leucophora_sponsa
701486	Leucopleurus_acutus
660331	Leucoraja_naevus
4357415	Leucozona_glaucia
691673	Leucozona_laternaria
1002096	Leuctra_nigra
130944	Levisticum_officinale
646021	Lewinskya_affinis
691541	Lewinskya_rupestris
411681	Lewinskya_speciosa
525234	Lichina_confinis
116293	Lichina_pygmaea
689407	Ligdia_adustata
200241	Ligusticum_scoticum
597434	Ligustrum_vulgare
3371464	Lilioceris_lilii
32025	Limacia_clavigera
804463	Limanda_limanda
634270	Limaria_hians
706032	Limbarda_crithmoides
1018135	Limecola_balthica
725957	Limenitis_camilla
879119	Limnaecia_phragmitella
3029235	Limnephilus_auricula
3029190	Limnephilus_lunatus
3029292	Limnephilus_marmoratus
1053342	Limnephilus_rhombicus
175044	Limnia_unguicornis
4364312	Limnophora_tigrina
4503425	Limonia_nubeculosa
5081250	Limonius_poneli
304018	Limosa_lapponica
719086	Limosa_limosa
1093323	Limosella_australis
637969	Linaria_cannabina
942210	Linaria_repens
989669	Linaria_vulgaris
283800	Lineus_longissimus
283796	Lineus_ruber
819501	Linnaea_borealis
4378416	Linnaemya_tessellans
4378316	Linnaemya_vulpina
640798	Linum_bienne
112353	Linum_catharticum
517086	Linyphia_triangularis
893496	Liophloeus_tessulatus
304282	Liopterus_haemorrhoidalis
4413822	Lipara_lucens
292719	Lipophrys_pholis
522397	Lipoptena_cervi
784862	Lispocephala_erythrocera
4366522	Lispocephala_verna
9366	Lissotriton_helveticus
502192	Lissotriton_montandoni
1041774	Lissotriton_vulgaris
302979	Listrodromus_nycthemerus
197845	Lithobius_variegatus
3198437	Lithophane_leautieri
683553	Lithophane_ornitopus
733483	Lithophane_semibrunnea
733500	Lithophane_socia
683537	Lithosia_quadra
382392	Lithospermum_officinale
854454	Littorina_arcana
622242	Littorina_littorea
652927	Littorina_obtusata
182096	Littorina_saxatilis
320450	Lobelia_dortmanna
412156	Lobelia_urens
3052369	Lobesia_abscisana
3052400	Lobesia_littoralis
3052365	Lobesia_reliquana
689405	Lobophora_halterata
3376988	Lochmaea_capreae
644154	Loensia_variegata
457045	Loeskeobryum_brevirostre
4369464	Loewia_submetallica
49136	Logfia_minima
328034	Lomaspilis_marginata
10125	Lomographa_bimaculata
689403	Lomographa_temerata
170799	Lonchoptera_bifurcata
828028	Lonchoptera_lutea
600930	Longitarsus_dorsalis
565155	Longitarsus_flavicornis
385917	Lophozia_ventricosa
643409	Lordithon_lunulatus
484501	Lotus_pedunculatus
119032	Lotus_subbiflorus
484504	Lotus_tenuis
698503	Lozotaenia_forsterana
817577	Lucilia_caesar
3033081	Luffia_ferchaultella
24895	Luidia_sarsii
781902	Lullula_arborea
115614	Lumbricus_rubellus
316441	Lumbricus_terrestris
177579	Lunularia_cruciata
1049616	Luperina_nickerlii
234691	Luperina_testacea
3370341	Luperus_flavipes
843982	Luperus_longicornis
3241613	Luquetia_lobella
348036	Lutra_lutra
873062	Lutraria_lutraria
415275	Luzula_pallescens
17940	Luzula_sylvatica
6211	Lycaena_phlaeas
73474	Lycia_hirtaria
415823	Lyciella_decipiens
4417006	Lyciella_platycephala
683541	Lycophotia_porphyrea
304971	Lycopus_europaeus
9934	Lygephila_pastinum
886835	Lymantria_dispar
956407	Lymantria_monacha
9932	Lyonetia_clerkella
4378171	Lypha_dubia
1056427	Lysandra_bellargus
13079	Lysandra_coridon
567411	Lysimachia_thyrsiflora
771172	Lythrum_hyssopifolia
412152	Lythrum_portula
886851	Lythrum_salicaria
753881	Macaria_brunneata
689399	Macaria_liturata
214386	Macaria_notata
6093	Machimus_atricapillus
4440227	Machimus_rusticus
15334	Macomangulus_tenuis
4480654	Macrocera_phalerata
682080	Macrochilo_cribrumalis
6315451	Macrodema_micropterum
3093456	Macroglossum_stellatarum
4577786	Macrophya_alboannulata
4577782	Macrophya_annulata
4577793	Macrophya_punctumalbum
4577783	Macrophya_ribis
247226	Macropis_europaea
140039	Macrothylacia_rubi
7666696	Maea_johnstoni
987409	Magallana_gigas
543549	Magdalis_barbicornis
122622	Magdalis_cerasi
17385	Malachius_bipustulatus
4976423	Malacoceros_girardi
3096165	Malacosoma_castrense
440279	Malacosoma_neustria
365432	Malthinus_flaveolus
3414020	Malthinus_seriepunctatus
1016290	Malthodes_marginatus
928872	Malthodes_minimus
3902985	Malus_domestica
731565	Malus_sylvestris
412143	Malva_arborea
642476	Malva_neglecta
121966	Malva_sylvestris
111041	Mamestra_brassicae
283881	Maniola_jurtina
761559	Maniola_tithonus
3091678	Marasmarcha_lunaedactyla
435739	Marasmius_cohaerens
56596	Marchantia_polymorpha
683244	Marchantia_quadrata
765180	Mareca_penelope
30856	Mareca_strepera
175702	Marsupella_aquatica
3224	Marsupella_emarginata
532122	Martes_martes
721249	Marthasterias_glacialis
345716	Marvania_coccoides
312649	Mastigophora_woodsii
145582	Matricaria_chamomilla
1029223	Matricaria_discoidea
320992	Matthiola_sinuata
192886	Mechanitis_lysimnia
331329	Mechanitis_polymnia
898196	Meconema_thalassinum
3162443	Mecyna_asinalis
3162453	Mecyna_flavalis
525750	Medicago_arabica
38032	Medicago_lupulina
1045549	Meesia_triquetra
3264361	Megachile_leachella
3264351	Megachile_ligniseca
551442	Megachile_maritima
293559	Megachile_willughbiella
3564932	Megalepthyphantes_collinus
3470573	Megalonotus_praetextatus
4425727	Megamerina_dolium
683545	Meganola_albula
5544568	Megatoma_undata
503405	Melampyrum_pratense
373775	Melampyrum_sylvaticum
627797	Melanargia_galathea
683535	Melanchra_persicariae
4357279	Melangyna_compositarum
4356633	Melangyna_quadrimaculata
4390293	Melanomya_nana
4369537	Melanophora_roralis
201770	Melanostoma_mellinum
576065	Melanostoma_scalare
1005534	Melanotus_villosus
238232	Melanthia_procellata
138132	Melica_uniflora
4409110	Melieria_crassipennis
991259	Melieria_omissa
4409136	Melieria_picta
1065098	Melilotus_altissimus
585619	Melinna_palmata
7175318	Melinopterus_prodromus
915154	Meliscaeva_auricollis
19841	Meliscaeva_cinctella
462648	Melitaea_athalia
462660	Melitaea_cinxia
153924	Melitta_haemorrhoidalis
156186	Melittis_melissophyllum
462648	Melitaea_athalia
1093496	Melolontha_melolontha
970871	Membranipora_membranacea
4274327	Menophra_abruptaria
521192	Mentha_aquatica
339357	Mercurialis_annua
166692	Mergellus_albellus
662625	Mergus_serrator
566390	Merodon_equestris
4413252	Meromyza_pratorum
574031	Merrifieldia_baliodactyla
5027868	Merrifieldia_leucodactyla
4405782	Merzomyia_westermanni
707341	Mesapamea_secalis
17948	Mesoleptidea_cingulata
182910	Mesoligia_furuncula
751996	Mesoligia_literosa
319479	Mesoplodon_mirus
3433604	Mesopsocus_fuscifrons
768623	Mesoptychia_rutheana
3572043	Meta_bourneti
698507	Metalampra_italica
1043563	Metellina_segmentata
272242	Meteorus_filator
272244	Meteorus_ictericus
245772	Meteorus_pendulus
697570	Meteorus_rubens
437830	Metoecus_paradoxus
4371885	Metopia_argyrocephala
558017	Metridium_senile
600211	Metriotes_lutarea
94069	Metschnikowia_zobellii
3224774	Metzneria_aprilella
879114	Metzneria_lappella
3224778	Metzneria_neuropterella
522132	Microcara_testacea
186731	Microchirus_variegatus
674868	Microchrysa_polita
5032296	Microdon_myrmicae
62437	Microlinyphia_pusilla
3449930	Microlophium_carnosum
780760	Micromesistius_poutassou
211375	Micromys_minutus
41715	Microphor_holosericeus
28800	Microplitis_deprimator
696292	Micropterix_aruncella
319643	Microrhagus_pygmaeus
888005	Microstomus_kitt
754333	Microtus_agrestis
462592	Miltochrista_miniata
827423	Mimachlamys_varia
706015	Mimas_tiliae
6088770	Mimulus_peregrinus
4533285	Mimumesa_dahlbomi
4362207	Minettia_fasciata
3225329	Mirificarma_mulinella
3478190	Miris_striatus
892983	Misopates_orontium
923722	Moehringia_trinervia
548785	Molanna_angustata
175332	Mompha_epilobiella
1073132	Mompha_miscella
3222722	Mompha_subbistrigella
418255	Monacha_cantiana
3225276	Monochroa_lutulentella
51419	Monochroa_tenebrella
4610332	Mononychus_punctumalbum
947463	Monopis_laevigella
892678	Monopis_weaverella
4577987	Monostegia_abdominalis
392760	Monotoma_picipes
336018	Mormo_maura
6376519	Mortierella_fluviae
489154	Motacilla_cinerea
645461	Motacilla_flava
846220	Mucor_piriformis
675216	Mullus_surmuletus
59206	Muntiacus_reevesi
542509	Mus_musculus
664079	Muscardinus_avellanarius
116518	Muscicapa_striata
428707	Muscina_levida
1363	Musotima_nitidalis
681184	Mustela_erminea
354525	Mustela_nivalis
208184	Mustelus_asterias
4358871	Myathropa_florea
914015	Mycena_galericulata
437828	Mycetophagus_atomarius
3357435	Mycetophagus_piceus
67164	Mycetophagus_quadripustulatus
4494395	Mycetophila_formosa
610242	Mycetophila_fungorum
4409313	Myennis_octopunctata
1051603	Myodes_glareolus
754000	Myopa_buccata
4395754	Myopa_tessellatipennis
4395780	Myopa_testacea
407052	Myotis_daubentonii
1080294	Myotis_emarginatus
353458	Myotis_mystacinus
1008252	Myotis_nattereri
79360	Myrica_gale
848135	Myriophyllum_alterniflorum
836617	Myriophyllum_aquaticum
461144	Myriophyllum_spicatum
730266	Myriophyllum_verticillatum
892550	Myrrha_octodecimguttata
105019	Myrrhis_odorata
2858042	Mysia_undata
816747	Mystacides_azureus
31851	Mystacides_longicornis
462594	Mythimna_albipuncta
462584	Mythimna_conigera
334313	Mythimna_ferrago
462582	Mythimna_impura
14092	Mythimna_lalbum
462588	Mythimna_pallens
462586	Mythimna_pudorina
462597	Mythimna_straminea
1039551	Mythimna_vitellina
499751	Mytilus_edulis
423885	Mytilus_galloprovincialis
852683	Myxine_glutinosa
785522	Myzus_persicae
918641	Nacerdes_melanura
472617	Nalassus_laevioctostriatus
4170461	Nanogona_polydesmoides
229743	Nansenia_antarctica
94644	Nardia_scalaris
285514	Narthecium_ossifragum
556245	Nasturtium_officinale
7069570	Natrix_helvetica
686814	Nebria_brevicollis
1049140	Nebria_salina
442029	Neckera_pumila
843325	Nedyus_quadrimaculatus
3034767	Nemapogon_clematella
3034749	Nemapogon_koenigi
858149	Nemapogon_ruricolella
1356	Nematopogon_swammerdamellus
938118	Nematostella_vectensis
801137	Nemophora_degeerella
3243102	Nemophora_metallica
194543	Nemopoda_nitidula
13474	Nemotelus_nigrinus
4447202	Nemotelus_notatus
4364374	Nemotelus_pantherinus
4447336	Nemotelus_uliginosus
5017909	Nemoura_dubitans
362169	Nemurella_pictetii
4352466	Neoascia_interrupta
335963	Neoascia_tenur
3054242	Neocochylis_molliculana
798534	Neocrepidodera_transversa
572193	Neofaculta_ericetella
4439990	Neoitamus_cothurnatus
139065	Neoitamus_cyanurus
405257	Neoorthocaulis_attenuatus
3471669	Neottiglossa_pusilla
3681875	Neoturris_pileata
310482	Neovison_vison
997478	Nephrocerus_scutellatus
4508922	Nephrotoma_appendiculata
4508930	Nephrotoma_flavescens
4509171	Nephrotoma_guestfalica
1040986	Nereis_zonata
4410208	Neria_commutata
3281576	Netelia_cristata
3281577	Netelia_fuscicornis
3281597	Netelia_inedita
3281749	Netelia_infractor
7867246	Netelia_melanura
3281597	Netelia_inedita
1005879	Netelia_virgata
693335	Netta_rufina
712782	Neurigona_quadrifasciata
379008	Nicotiana_alata
968390	Nicrophorus_investigator
4512101	Nigrotipula_nigra
3014907	Nineta_flava
1039545	Noctua_comes
161679	Noctua_fimbriata
1039543	Noctua_janthe
1039537	Noctua_janthina
1089514	Noctua_pronuba
148631	Nogopterium_gracile
940562	Nomada_fabriciana
3268886	Nomada_ferruginata
3268553	Nomada_flava
293571	Nomada_fucata
406977	Nomada_goodeniana
3268885	Nomada_hirtipes
3268720	Nomada_lathburiana
609180	Nomada_panzeri
264195	Nomada_ruficornis
838800	Nomada_rufipes
3268854	Nomada_zonata
1084314	Nomophila_noctuella
1046409	Norellia_spinipes
3014454	Nothochrysa_capitata
479488	Notiophilus_biguttatus
175324	Notocelia_roborana
3049222	Notocelia_uddmanniana
958240	Notodonta_dromedarius
676893	Notodonta_ziczac
31302	Notolepis_coatsi
725633	Notoxus_monoceros
288739	Nowickia_ferox
676891	Nudaria_mundana
971518	Numenius_arquata
440936	Nuphar_lutea
820635	Nuphar_pumila
342721	Nyctalus_leisleri
676881	Nycteola_revayana
4371723	Nyctia_halterata
522165	Nymphalis_c_album
1020541	Nymphalis_io
444094	Nymphalis_polychloros
495335	Nymphalis_urticae
128320	Nymphoides_peltata
3162046	Nymphula_nitidulata
3277651	Nysson_spinosus
3277697	Nysson_trimaculatus
850096	Ochlerotatus_rusticus
216112	Ochlodes_sylvanus
715765	Ochropacha_duplaris
3207501	Ochropleura_leucogaster
197535	Ochropleura_plecta
441009	Ocypus_olens
3422652	Ocys_tachysoides
5094369	Odiellus_spinosus
548779	Odontocerum_albicorne
4446929	Odontomyia_argentata
4446953	Odontomyia_ornata
4446868	Odontomyia_tigrina
50271	Odontopera_bidentata
695174	Odontoschisma_sphagni
31853	Oecetis_lacustris
3360663	Oedemera_lurida
140067	Oedipodium_griffithianum
343044	Oegoconia_quadripuncta
305521	Oenanthe_lachenalii
1092950	Oenanthe_oenanthe
12659	Oenothera_biennis
3091308	Oidaematophorus_lithodactyla
3210410	Oligia_fasciuncula
676877	Oligia_latruncula
676875	Oligia_strigilis
838518	Oligotrichum_hercynicum
940242	Omonadus_floralis
616106	Omosita_discoidea
7150706	Omphaloscelis_lunosa
162894	Onchidella_celtica
847822	Ononis_reclinata
517840	Ontholestes_murinus
322510	Operophtera_brumata
368806	Ophiocomina_nigra
3288247	Ophion_confusus
223531	Ophion_costatus
3287587	Ophion_crassicornis
3287548	Ophion_forticornis
959144	Ophion_obscuratus
3287552	Ophion_slaviceki
959144	Ophion_obscuratus
959145	Ophion_ventricosus
3287655	Ophion_wuestneii
41884	Ophiothrix_fragilis
799932	Ophonus_ardosiacus
3356514	Opilo_mollis
1009177	Opisthograptis_luteolata
846375	Opomyza_florum
4395063	Opomyza_germinationis
6472	Orchesella_cincta
579168	Orchesella_flavescens
867207	Orchesia_undulata
552110	Orchestes_rusci
124215	Orcinus_orca
528536	Orgyia_antiqua
172751	Orgyia_recens
444982	Ormyrus_nitidulus
638	Ornithomya_avicularia
787011	Ornithomya_chloropus
787014	Ornithomya_fringillina
640679	Ornithopus_perpusillus
991594	Orobanche_alba
404883	Orobanche_hederae
1091762	Orobanche_minor
619693	Orthetrum_coerulescens
4358753	Orthonevra_brevicornis
4358790	Orthonevra_nobilis
50264	Orthosia_cerasi
153660	Orthosia_cruda
1030858	Orthosia_gothica
334328	Orthosia_gracilis
153662	Orthosia_incerta
3056176	Orthotaenia_undulana
171968	Orthothecium_rufescens
116501	Orthotrichum_anomalum
116498	Orthotrichum_lyellii
768116	Orthotrichum_pulchellum
691543	Orthotrichum_striatum
864596	Oryctolagus_cuniculus
547667	Orygma_luctuosum
987406	Osmerus_eperlanus
280580	Osmia_bicolor
755644	Osmia_bicornis
5340336	Osmia_bicornis_bicornis
4617668	Osphya_bipunctata
1058331	Ostrinia_nubilalis
935354	Othius_punctulatus
965007	Otiorhynchus_armadillo
166921	Otiorhynchus_porcatus
355315	Otiorhynchus_rugosostriatus
458651	Otis_tarda
1009179	Ourapteryx_sambucaria
323425	Oxalis_acetosella
676618	Oxalis_corniculata
16333	Oxalis_debilis
4446694	Oxycera_nigricornis
4446699	Oxycera_pygmaea
896943	Oxycera_trilineata
1013509	Oxypselaphus_obscurus
3091233	Oxyptilus_pilosellae
514120	Oxyria_digyna
3407853	Oxystoma_pomonae
1080821	Oxytorus_armatus
77694	Pachygaster_atra
588071	Pachygaster_leachii
441004	Pachygnatha_clercki
1087060	Pachyrhinus_lethierryi
3032649	Pachythelia_villosella
552099	Paederus_riparius
760713	Pagrus_pagrus
4408734	Palloptera_scutellata
3165113	Palpita_vitrealis
3051032	Pammene_aurita
175330	Pammene_fasciana
175320	Pammene_giganteana
3051067	Pammene_regiana
3051053	Pammene_rhediella
3050985	Pammene_suspectana
4439909	Pamponerus_germanicus
2943709	Pandarus_bicolor
142193	Pandemis_cerasana
736475	Pandemis_cinnamomeana
175322	Pandemis_corylana
537294	Pandemis_heparana
4427577	Pandivirilia_melaleuca
343976	Panellus_stipticus
418218	Panorpa_germanica
4378285	Panzeria_rudis
153654	Papestra_biren
1018322	Papilio_machaon
180394	Parachronistis_albiceps
4424268	Paracoenia_fumosa
3361348	Paracorymbia_fulva
4383655	Paracraspedothrix_montivaga
966455	Paragus_haemorrhous
3289502	Paraperithous_gnathaulax
3162056	Parapoynx_stratiotata
989684	Pararge_aegeria
152393	Parascotia_fuliginaria
2937971	Parasmittina_trispinosa
3563854	Parasteatoda_lunata
757998	Parastichtis_suspecta
3218536	Paraswammerdamia_albicapitella
3171046	Paratalanta_hyalinalis
182702	Pardosa_nigriceps
1009191	Parectropis_similaria
4358204	Parhelophilus_frutetorum
925303	Parietaria_judaica
4423034	Parydra_coarctata
1009185	Pasiphila_chloerata
347144	Pasiphila_rectangulata
2480	Pastinaca_sativa
259396	Patella_depressa
326421	Patella_pellucida
503763	Patella_ulyssiponensis
853190	Patella_vulgata
305916	Paulownia_tomentosa
449048	Pecten_maximus
552113	Pediacus_dermestoides
4508122	Pedicia_rivosa
558836	Pegoplata_infirma
3049279	Pelochrista_caecimaculana
386601	Pelophylax_lessonae
153648	Pelosia_muscerda
3156877	Pempelia_genistella
3277119	Pemphredon_inornata
7375239	Pemphredon_lugubris
96135	Pentaglottis_sempervirens
4417887	Peplomyza_litura
102712	Perdix_perdix
142403	Perforatus_perforatus
878697	Peribatodes_rhomboidaria
153650	Peridea_anceps
3447007	Periphyllus_acericola
3286505	Perithous_albicinctus
3286504	Perithous_divinator
526921	Perizoma_affinitatum
125601	Perizoma_albulatum
526876	Perizoma_blandiatum
125594	Perizoma_didymatum
526873	Perizoma_flavofasciatum
726854	Perophora_japonica
146127	Persicaria_amphibia
439770	Persicaria_maculosa
302163	Persicaria_nepalensis
802662	Petalophyllum_ralfsii
277869	Petasites_albus
533782	Petasites_hybridus
622998	Petrophora_chlorosata
159006	Phaedon_cochleariae
479495	Phaedon_tumidulus
330009	Phaethon_aethereus
969841	Phalacrocorax_carbo
408214	Phalaris_arundinacea
822698	Phalera_bucephala
3358683	Phaleria_cadaverina
463288	Phallusia_mammillata
4376916	Phania_funesta
4362925	Phaonia_angelicae
159225	Phaonia_errans
4363449	Phaonia_falleni
4363246	Phaonia_gobertii
4363468	Phaonia_palpata
4363151	Phaonia_tiefii
4357686	Phasia_hemiptera
4376875	Phasia_obesa
102719	Phasianus_colchicus
264652	Phaxas_pellucidus
906244	Phengaris_arion
153644	Pheosia_gnoma
153646	Pheosia_tremula
786154	Pherbellia_schoenherri
752017	Pherbina_coryleti
905735	Philanthus_triangulum
3057544	Philedonides_lunana
674754	Philereme_transversata
1009193	Philereme_vetulata
794122	Philodromus_cespitum
265538	Philodromus_dispar
963552	Philonicus_albiceps
980276	Philonthus_carbonarius
234440	Philonthus_cognatus
1078559	Philonthus_marginatus
501913	Philonthus_spinipes
4607258	Philopedon_plagiatum
793752	Philophylla_caesio
264470	Philopotamus_montanus
825114	Phlegmacium_triumphans
578767	Phleum_pratense
50267	Phlogophora_meticulosa
698422	Phoca_vitulina
851312	Phocoena_phocoena
1093902	Phoenicurus_phoenicurus
2863976	Pholadidea_loscombiana
292702	Pholis_gunnellus
1016187	Phorcus_lineatus
7228562	Phorocera_assimilis
945486	Phosphuga_atrata
758003	Photedes_minima
1019917	Phoxinus_phoxinus
203928	Phragmataecia_castaneae
918140	Phragmatobia_fuliginosa
712330	Phragmites_australis
1070539	Phratora_vitellinae
3027867	Phryganea_bipunctata
3054029	Phtheochroa_inopiana
3054083	Phtheochroa_sodaliana
4431236	Phthiria_pulicaria
1098797	Phycita_roborella
4505353	Phylidorea_fulvonervosa
802141	Phyllaphis_fagi
346637	Phyllobius_argentatus
597881	Phyllobius_pyri
501923	Phyllobius_roboretanus
828646	Phyllobius_virideaeris
3038668	Phyllocnistis_unipunctella
4983444	Phyllodoce_laminosa
5125972	Phylloneta_impressa
151739	Phyllonorycter_maestingella
726185	Phyllonorycter_quercifoliella
726182	Phyllonorycter_salicicolella
202879	Phyllonorycter_sorbi
777014	Phyllonorycter_stettinensis
263036	Phyllonorycter_ulicicolella
726307	Phylloscopus_collybita
930298	Phylloscopus_proregulus
96282	Phylloscopus_trochilus
507307	Phymatocera_aterrima
467675	Phymatodes_testaceus
276851	Physeter_catodon
1004754	Physocephala_rufipes
876831	Phyto_melanocephala
3365504	Phytoecia_cylindrica
152397	Phytometra_viridaria
776471	Pica_pica
167943	Pieris_brassicae
731676	Pieris_napi
634345	Pieris_rapae
290688	Pilophorus_perplexus
285884	Pilosella_aurantiaca
752654	Pilosella_officinarum
564459	Pimephales_promelas
17962	Pimpla_contemplator
7438286	Pimpla_rufipes
3279188	Pimpla_turionellae
1098803	Piniphila_bifasciana
867399	Pipistrellus_nathusii
867410	Pipistrellus_pipistrellus
366823	Pipistrellus_pygmaeus
963013	Pisaura_mirabilis
217749	Piscicola_geometra
3478296	Pithanus_maerkelii
100072	Plagiochila_carringtonii
535621	Plagiodera_versicolora
479842	Plagiothecium_denticulatum
1009195	Plagodis_dolabraria
1007361	Plagodis_pulveraria
603468	Planococcus_citri
317305	Platalea_leucorodia
408331	Platichthys_flesus
880683	Platismatia_glauca
4364518	Platycephala_planifrons
390029	Platycheirus_albimanus
4356775	Platycheirus_rosarum
340909	Platycnemis_pennipes
3350839	Platydracus_latebricola
3238482	Platyedra_subcinerea
95584	Platyptilia_gonodactyla
1086009	Platypus_cylindrus
3408226	Platyrhinus_resinosus
973438	Platystomos_albinus
3169583	Platytes_cerussella
145079	Plebejus_argus
350140	Plecotus_auritus
812857	Plemyria_rubiginata
408337	Pleuronectes_platessa
216726	Pleurotus_eryngii
581149	Pleurotus_ostreatus
33997	Pleurozia_purpurea
710461	Plodia_interpunctella
635001	Plusia_festucae
38818	Plusia_putnami
664811	Plutella_xylostella
397792	Poa_chaixii
4358481	Pocota_personata
5073576	Podabrus_alpinus
3371368	Podagrica_fuscicornis
17260	Poecile_palustris
138360	Poecilobothrus_nobilitatus
91529	Poecilus_cupreus
263965	Pogonatum_aloides
849755	Pogonocherus_hispidulus
157616	Pogonognathellus_longicornis
596820	Pogonus_chalceus
619089	Pohlia_annotina
991830	Pohlia_cruda
1022291	Pohlia_nutans
66301	Pohlia_wahlenbergii
113557	Polemochartus_liparae
624597	Polia_nebulosa
4364882	Polietes_domitor
558839	Polietes_lardarius
4364877	Polietes_meridionalis
956463	Polistichus_connexus
1014047	Pollachius_pollachius
159266	Pollenia_amentaria
4388975	Pollenia_angustigena
4389066	Pollenia_griseotomentosa
4388974	Pollenia_labialis
4388976	Pollenia_pediculata
462309	Polyblastus_varitarsus
3646530	Polycarpa_mamillaris
300033	Polycarpon_tetraphyllum
760601	Polycera_quadrilineata
925454	Polydesmus_denticulatus
653214	Polydrusus_cervinus
3411338	Polydrusus_formosus
3411359	Polydrusus_impressifrons
753916	Polydrusus_pterygomalis
3411315	Polydrusus_tereticollis
270036	Polygala_serpyllifolia
522165	Nymphalis_c_album
143996	Polygonum_aviculare
338759	Polygonum_maritimum
3210067	Polymixis_flavicincta
3210062	Polymixis_lichenea
854609	Polyommatus_icarus
183636	Polyploca_ridens
682075	Polypogon_plumigeralis
968282	Polypogon_viridis
7866009	Polytribax_perspicillator
1012882	Polytrichastrum_alpinum
985327	Polytrichastrum_sexangulare
821356	Polytrichum_commune
199296	Polytrichum_formosum
1012879	Polytrichum_juniperinum
329312	Polytrichum_piliferum
1012884	Polytrichum_strictum
1059117	Pomatias_elegans
201064	Pontederia_cordata
4215118	Populicerus_laminatus
1030862	Populus_alba
8848	Populus_nigra
839584	Populus_tremula
875763	Porella_arboris_vitae
190701	Poromitra_crassiceps
110719	Porpolomopsis_calyptriformis
960640	Portevinia_maculata
431968	Potamogeton_compressus
242996	Potamogeton_crispus
684468	Potamogeton_epihydrus
326160	Potamogeton_lucens
326157	Potamogeton_natans
316723	Potamogeton_nodosus
817751	Potamogeton_perfoliatus
30681	Potamogeton_pusillus
736197	Potamogeton_trichoides
861623	Potentilla_anglica
328270	Potentilla_anserina
713704	Potentilla_indica
980110	Potentilla_sterilis
769386	Prays_fraxinella
993540	Primula_farinosa
233563	Primula_scotica
596319	Primula_veris
125543	Primula_vulgaris
3262038	Priocnemis_perturbator
4512630	Prionocera_turcica
3417733	Prionocyphon_serricornis
207619	Prionychus_ater
3446276	Prociphilus_bumeliae
3005599	Procloeon_bifidum
398439	Promethes_sulcator
276219	Propylea_quattuordecimpunctata
4376464	Prosena_siberita
4256338	Protarchanara_brevilinea
335149	Protocalliphora_azurea
265153	Protoclythia_modesta
1031666	Protodeltote_pygarga
5018175	Protonemura_montana
464353	Protophormia_terraenovae
875990	Prunella_modularis
305931	Prunella_vulgaris
162547	Prunus_avium
176177	Prunus_lusitanica
1004570	Prunus_padus
3476959	Psallus_varians
806441	Psathyrella_piluliformis
4605995	Pseudeuparius_sepicola
14549	Pseudobryum_cinclidioides
7902203	Pseudochorthippus_parallelus
621619	Pseudocistela_ceramboides
7333	Pseudognaphalium_luteoalbum
270791	Pseudoips_prasinana
410210	Pseudopediastrum_boryanum
20832	Pseudosciaphila_branderiana
447538	Pseudoscleropodium_purum
4230699	Pseudoswammerdamia_combinella
787547	Pseudotaxiphyllum_elegans
134363	Pseudoterpna_pruinata
1020124	Psittacula_krameri
3431935	Psococerastis_gibbosa
3035243	Psychoides_filicivora
850446	Psylliodes_napi
739208	Pterapherapteryx_sexalata
475111	Pterigynandrum_filiforme
5028097	Pterophorus_pentadactyla
732748	Pterostichus_diligens
408440	Pterostichus_madidus
555503	Pterostichus_niger
428740	Pterostichus_nigrita
330910	Pterostichus_vernalis
960417	Pterostoma_palpinum
692283	Ptilidium_ciliare
960406	Ptilodon_capucinus
624615	Ptilodon_cucullina
234701	Ptilophora_plumigera
43165	Ptycholoma_lecheana
12739	Ptychomitrium_polyphyllum
4512977	Ptychoptera_albimana
4512983	Ptychoptera_contaminata
4513026	Ptychoptera_lacustris
374719	Ptychostomum_cyclophyllum
899864	Ptychostomum_pallens
471661	Puffinus_puffinus
959566	Pulicaria_dysenterica
561269	Pungitius_pungitius
175251	Pusa_hispida
361902	Pycnococcus_provasolii
181383	Pycnomerus_fuliginosus
778857	Pycnonotus_jocosus
929861	Pyralis_farinalis
3165542	Pyrausta_aurata
289061	Pyrausta_despicata
3165630	Pyrausta_nigrata
20840	Pyrausta_purpuralis
673690	Pyrgus_malvae
428742	Pyrochroa_serraticornis
1089432	Pyrrhalta_viburni
110657	Pyrrhia_umbra
662798	Pyrrhocorax_pyrrhocorax
776328	Pyrrhosoma_nymphula
1083726	Pyrrhula_pyrrhula
972654	Pyrus_communis
430479	Quedius_lateralis
520576	Quercus_cerris
272692	Quercus_ilex
516540	Quercus_petraea
239659	Quercus_robur
1057170	Racomitrium_heterostichum
692281	Radula_complanata
607396	Raja_brachyura
493424	Raja_clavata
607393	Raja_microocellata
1093440	Raja_montagui
32323	Rallus_aquaticus
607539	Ramalina_siliquosa
817940	Ramariopsis_corniculata
4378870	Ramonda_spathulata
274914	Ramularia_vizellae
14718	Rana_temporaria
310805	Ranunculus_repens
928421	Ranunculus_sardous
747491	Ranunculus_sceleratus
376999	Raphanus_raphanistrum
985279	Reboulia_hemisphaerica
769382	Recurvaria_nanella
3599741	Regulus_ignicapilla
3599889	Regulus_regulus
359604	Reseda_luteola
604968	Rhabdoweisia_crispata
4442955	Rhadiurgus_variabilis
4449227	Rhagio_lineola
4449322	Rhagio_scolopaceus
4449257	Rhagio_tringarius
1092853	Rhagium_inquisitor
467677	Rhagium_mordax
867942	Rhagonycha_fulva
618821	Rhagonycha_lignosa
3413938	Rhagonycha_lutea
904368	Rhamnus_cathartica
4341693	Rhamphomyia_laevipes
4341953	Rhamphomyia_sulcata
1085945	Rhaphigaster_nebulosa
195378	Rheumaptera_undulata
3288512	Rhimphoctona_megacephalus
146124	Rhinanthus_minor
960639	Rhingia_campestris
4354334	Rhingia_rostrata
610867	Rhinolophus_hipposideros
1093020	Rhizedra_lutosa
655824	Rhizopogon_luteolus
837082	Rhizosphaera_kalkhoffii
4626641	Rhizotrogus_aestivus
388473	Rhodocollybia_maculata
702552	Rhododendron_ponticum
704881	Rhodomonas_baltica
3159008	Rhodophaea_formosa
3245353	Rhogogaster_chlorosoma
3276900	Rhopalum_coarctatum
195375	Rhopobota_naevana
3050203	Rhopobota_stagnana
20842	Rhopobota_ustomaculana
3280434	Rhorus_exstirpatorius
20836	Rhyacionia_buoliana
20838	Rhyacionia_pinicolana
104771	Rhynchostegiella_tenella
772699	Rhynchostegium_confertum
997345	Rhynchostegium_megapolitanum
3471026	Rhyparochromus_pini
3552740	Rhysodromus_fallax
935543	Rhyssella_approximator
1048958	Rhytidiadelphus_loreus
3355711	Rhyzobius_forestieri
248647	Ribes_nigrum
154642	Ribes_rubrum
163280	Ribes_uva_crispa
233163	Riccia_beyrichiana
807298	Riccia_sorocarpa
922718	Riparia_riparia
806444	Ripartites_tricholoma
168189	Rivellia_syngenesiae
928416	Robinia_pseudoacacia
885842	Roeseliana_roeselii
110653	Roeslerstammia_erxlebella
775482	Rosa_agrestis
333885	Rosa_canina
333892	Rosa_rubiginosa
1054790	Rosa_rugosa
333873	Rosa_spinosissima
366369	Rosulabryum_capillare
148066	Rubus_caesius
156929	Rubus_idaeus
618054	Rubus_saxatilis
913666	Ruditapes_philippinarum
134757	Rumex_acetosa
763019	Rumex_acetosella
999553	Rumex_conglomeratus
904388	Rumex_obtusifolius
185636	Russula_aff_farinipes
82940	Russula_delica
129159	Russula_faginea
185637	Russula_gracillima
237550	Russula_nigricans
5299312	Russula_nobilis
237552	Russula_olivacea
489998	Russula_versicolor
812088	Russula_vesca
421037	Rutilus_rutilus
556912	Rutpela_maculata
4493246	Rymosia_fasciata
715768	Sabra_harpagula
664820	Sacculina_carcini
785896	Sagina_maritima
765755	Salicornia_ramosissima
164209	Salix_alba
5763528	Salix_arbuscula
717148	Salix_cinerea
3915073	Salix_euxina
895200	Salix_herbacea
15250	Salix_lanata
505755	Salix_myrsinifolia
738780	Salix_pentandra
142970	Salix_phylicifolia
895197	Salix_purpurea
989627	Salix_repens
738786	Salix_reticulata
895184	Salix_triandra
458851	Salix_viminalis
688332	Salmo_trutta
146379	Salpingus_planirostris
1042130	Sambucus_nigra
10683	Samolus_valerandi
3250893	Sapyga_quinquepunctata
52415	Sarcophaga_caerulescens
335139	Sarcophaga_carnaria
930482	Sarcophaga_rosellei
4370474	Sarcophaga_subulata
493334	Sarcophaga_subvicina
926658	Sarcophaga_vagans
493335	Sarcophaga_variegata
1027727	Sardina_pilchardus
371551	Sargus_bipunctatus
186092	Sarmentypnum_sarmentosum
54248	Saturnia_pavonia
479984	Saxifraga_aizoides
444945	Saxifraga_cespitosa
182593	Saxifraga_oppositifolia
1070428	Scaeva_pyrastri
619356	Scaeva_selenitica
3279372	Scambus_brevicornis
168110	Scapania_compacta
844266	Scapania_gracilis
333110	Scapania_ornithopodioides
812077	Scapania_undulata
994051	Scaphidium_quadrimaculatum
534912	Scaptomyza_pallida
221709	Scardinius_erythrophthalmus
170259	Scathophaga_furcata
170270	Scathophaga_inquinata
693219	Scathophaga_litorea
557400	Scathophaga_stercoraria
4338281	Scellus_notatus
814198	Scheuchzeria_palustris
715306	Schistidium_strictum
2938689	Schizoporella_japonica
471128	Schizopyga_frigida
522128	Schizotus_pectinicornis
3172348	Schoenobius_gigantella
255108	Schoenobius_gigantellus
91655	Schoenoplectus_lacustris
265373	Schoenoplectus_tabernaemontani
254324	Schoenoplectus_triqueter
91666	Schoenus_nigricans
602685	Schrankia_costaestrigalis
929877	Schreckensteinia_festaliella
440758	Sciapus_platypterus
635081	Sciara_hemerobioides
3157129	Sciota_angustella
835720	Scirpus_sylvaticus
434895	Sciuro_hypnum_glaciale
410925	Sciurus_carolinensis
286193	Sciurus_vulgaris
564	Scleranthus_annuus
70561	Scomber_scombrus
3161197	Scoparia_ambigualis
593667	Scoparia_basistrigalis
3161042	Scoparia_pyralella
778695	Scophthalmus_maximus
432440	Scopula_floslactata
978392	Scopula_immutata
846940	Scopula_ornata
3552917	Scotophaeus_blackwalli
978387	Scotopteryx_bipunctaria
73473	Scotopteryx_chenopodiata
3224526	Scrobipalpa_costella
3224460	Scrobipalpa_ocellatella
819696	Scrophularia_umbrosa
907313	Scutellaria_galericulata
785890	Scutellaria_minor
1026500	Scyliorhinus_canicula
569434	Scythris_empetrella
3227428	Scythris_picaepennis
110649	Scythropia_crataegella
1088432	Sebastes_mentella
387652	Sedum_acre
387654	Sedum_album
963010	Segestria_senoculata
720823	Seladonia_tumulorum
57644	Selandria_serva
432451	Selenia_dentaria
432449	Selenia_tetralunaria
374192	Semibalanus_balanoides
436593	Senecio_squalidus
436590	Senecio_sylvaticus
406547	Senecio_viscosus
754105	Senecio_vulgaris
4255991	Senta_flammea
521159	Sepedon_sphegea
528817	Sepia_officinalis
267264	Serica_brunnea
4354950	Sericomyia_silentis
566288	Serpula_vermicularis
417399	Serratella_ignita
971189	Sertularella_gayi
164503	Seseli_libanotis
863146	Sesia_apiformis
420837	Sesia_bembeciformis
1011428	Shargacucullia_lychnitis
1011441	Shargacucullia_verbasci
782825	Sherardia_arvensis
4585914	Sialis_fuliginosa
247485	Sialis_lutaria
176706	Sibbaldia_procumbens
220195	Sicus_ferrugineus
4406420	Silba_fumosa
637571	Silene_acaulis
64114	Silene_dioica
418334	Silene_noctiflora
945486	Phosphuga_atrata
151185	Silvanus_unidentatus
234360	Simplicillium_lamellicola
102821	Simyra_albovenosa
236294	Siphlonurus_alternatus
984608	Sisymbrium_orientale
297625	Sisyra_nigra
3016020	Sisyra_terminalis
3171840	Sitochroa_palealis
247953	Sitona_cylindricollis
238839	Sitona_lineatus
7169858	Sitona_obsoletus
970968	Smerinthus_ocellatus
121226	Solanum_dulcamara
494831	Solanum_nigrum
872344	Solidago_canadensis
541018	Solidago_virgaurea
785961	Somateria_mollissima
37980	Somatochlora_arctica
827582	Sonchus_oleraceus
1078365	Sonchus_palustris
4210836	Sonronius_dahlbomi
213358	Sophronia_semicostella
10421	Sorbus_anglica
582993	Sorbus_bristoliensis
3903558	Sorbus_devoniensis
3855976	Southbya_tophacea
4449485	Spania_nigra
3801680	Sparassis_minoensis
667697	Sparganium_emersum
656794	Spatula_clypeata
197647	Spergula_arvensis
785901	Spergularia_bocconei
273518	Spergularia_marina
474936	Sphaeridium_bipustulatum
1018131	Sphaerium_corneum
4003519	Sphaerocystis_schroeteri
857781	Sphaeroma_serratum
440535	Sphaerophoria_rueppellii
14321	Sphaerophoria_scripta
4357115	Sphaerophoria_taeniata
378646	Sphagnum_capillifolium
903787	Sphagnum_compactum
903786	Sphagnum_contortum
108929	Sphagnum_fallax
903781	Sphagnum_fimbriatum
646195	Sphagnum_girgensohnii
521869	Sphagnum_lindbergii
738988	Sphagnum_palustre
998021	Sphagnum_papillosum
471503	Sphagnum_riparium
72531	Sphagnum_rubellum
72533	Sphagnum_russowii
542130	Sphagnum_squarrosum
542135	Sphagnum_tenellum
542137	Sphagnum_teres
3272924	Sphecodes_crassus
239867	Sphecodes_ephippius
3272872	Sphecodes_longulus
883565	Sphecodes_monilicornis
3272893	Sphecodes_pellucidus
3273066	Sphecodes_puncticeps
3273064	Sphecodes_scabricollis
589399	Sphenella_marginata
729700	Sphinx_ligustri
535231	Sphinx_pinastri
50279	Spilarctia_lutea
50276	Spilosoma_lubricipeda
102823	Spilosoma_urticae
317784	Spinacia_oleracea
167338	Spinus_spinus
437899	Spiraea_salicifolia
131022	Spisula_solida
131021	Spisula_subtruncata
638253	Splachnum_sphaericum
742362	Spodoptera_exigua
25768	Sprattus_sprattus
3221189	Spuleria_flavicaput
458403	Squalius_cephalus
132112	Stachys_alpina
288992	Stagnicola_palustris
183632	Standfussiana_lucernea
3345033	Staphylinus_erythropterus
684732	Stathmopoda_pedella
3266287	Stelis_phaeoptera
97269	Stenagostus_rhombeus
124224	Stenella_coeruleoalba
327085	Stenepteryx_hirundinis
1000790	Stenichneumon_culpator
4610998	Stenocarus_ruficornis
944800	Stenodema_calcarata
5022778	Stenodema_holsata
3091523	Stenoptilia_bipunctidactyla
3091499	Stenoptilia_pterodactyla
194360	Stenurella_melanura
29027	Stenus_bimaculatus
550087	Stenus_solutus
879376	Stereodon_callichrous
809006	Sterna_paradisaea
7490702	Sternaspis_cf_scutata_NHMUK_ANEA_2019
874316	Sthenelais_limicola
52347	Stictoleptura_scutellata
3475526	Stictopleurus_punctatonervosus
4556081	Stilbops_ruficornis
4389001	Stomorhina_lunata
42520	Stomoxys_calcitrans
4215451	Stragania_apicalis
815149	Straminergon_stramineum
222416	Stratiomys_singularior
277818	Streptopelia_decaocto
801237	Streptopelia_turtur
494544	Strigamia_acuminata
116522	Strix_aluco
4577854	Stromboceros_delicatulus
409730	Strophosoma_melanogrammum
1087473	Stuckenia_pectinata
97610	Sturmia_bella
565813	Sturnus_vulgaris
750983	Styela_clava
271152	Stylops_aterrimus
374051	Suaeda_maritima
4248736	Subacronicta_megacephala
755442	Subcoccinella_vigintiquattuorpunctata
228781	Succisa_pratensis
4400097	Suillia_affinis
4400009	Suillia_flava
4400118	Suillia_notata
4400024	Suillia_pallida
425808	Suillia_variegata
337511	Suillus_viscidus
398433	Sussaba_pulchella
684951	Sycon_ciliatum
4458592	Sylvicola_cinctus
885124	Symmerus_annulatus
723540	Symmorphus_gracilis
776325	Sympetrum_sanguineum
569010	Sympetrum_striolatum
553191	Symphodus_melops
859793	Synanthedon_andrenaeformis
642259	Synanthedon_formicaeformis
334988	Synanthedon_myopaeformis
389455	Synanthedon_tipuliformis
3040118	Synanthedon_vespiformis
72300	Syndemis_musculana
774440	Syngnathus_acus
4211254	Synophropsis_lauri
120127	Syntrichia_ruraliformis
733236	Syringa_vulgaris
816784	Syritta_pipiens
355887	Syrphoctonus_tarsatorius
910486	Syrphus_vitripennis
4431626	Systoechus_ctenopterus
1018097	Tachina_fera
380743	Tachina_grossa
1084749	Tachina_lurida
5041184	Tachinus_rufipes
1010578	Tachybaptus_ruficollis
641965	Tachyporus_hypnorum
3236850	Tachystola_acroxantha
30847	Tadorna_tadorna
409728	Taeniapion_urticarium
829522	Taleporia_tubulosa
222362	Talpa_europaea
1053452	Tamarix_gallica
488828	Tanacetum_parthenium
602516	Tanacetum_vulgare
748103	Taphrorychus_bicolor
231445	Taurulus_bubalis
1047579	Teleiodes_luculella
3225203	Teleiodes_vulgella
385033	Teleogryllus_oceanicus
182588	Tellima_grandiflora
1093470	Tenebrio_molitor
3245245	Tenthredo_amoena
359157	Tenthredo_arcuata
3245248	Tenthredo_distinguenda
3245285	Tenthredo_livida
419875	Tenthredo_mesomela
902190	Tenthredo_notha
3245291	Tenthredo_scrophulariae
3245300	Tenthredo_zona
1063568	Tephritis_conura
4402701	Tephritis_formosa
119995	Tephritis_matricariae
4402723	Tephritis_neesii
214322	Tephroseris_palustris
491820	Terebella_lapidaria
326252	Tetanocera_arrogans
326251	Tetanocera_ferruginea
134373	Tethea_ocularis
766627	Tetheella_fluctuosa
99624	Tethya_citrina
1065421	Tetragnatha_montana
64809	Tetramitus_jugosus
106112	Tetranychus_urticae
484331	Tetrao_urogallus
746394	Tetraplodon_mnioides
230462	Tetropium_fuscum
3882649	Teucrium_botrys
382149	Teucrium_scorodonia
154128	Thalasseus_sandvicensis
468431	Thalictrum_alpinum
491705	Thalictrum_minus
384115	Thalpophila_matura
201574	Thanasimus_formicarius
3214077	Thaumetopoea_processionea
4386250	Thecocarcelia_acutangulata
778767	Thecophora_atra
4379809	Thelaira_nigripes
4379801	Thelaira_solivaga
826827	Thera_britannica
647215	Thera_firmata
194824	Thera_juniperata
432455	Thera_obeliscata
350964	Thereva_nobilitata
1072205	Thereva_plebeja
897270	Thereva_unica
3286459	Therion_circumflexum
167001	Thermobia_domestica
3291572	Therophilus_tumidulus
572325	Tholera_cespitis
572323	Tholera_decimalis
2864483	Thracia_phaseolina
413795	Threskiornis_aethiopicus
950401	Thuidium_delicatulum
797126	Thuidium_tamariscinum
948416	Thumatha_senex
192280	Thyatira_batis
790464	Thymelicus_acteon
99492	Thymelicus_lineola
220627	Thymelicus_sylvestris
4429981	Thyridanthrax_fenestratus
865942	Tibellus_oblongus
218598	Tilia_cordata
809022	Tiliacea_aurago
809024	Tiliacea_citrago
724877	Tillus_elongatus
353936	Timandra_comae
363588	Tinea_pellionella
72306	Tinea_semifulvella
3034095	Tinea_trinotella
792423	Tinodes_waeneri
682166	Tiphia_femorata
3250829	Tiphia_minuta
4510082	Tipula_confusa
4509433	Tipula_fascipennis
4511010	Tipula_fulvipennis
4509768	Tipula_helvola
4485796	Tipula_lateralis
4509703	Tipula_scripta
4509950	Tipula_unca
4510318	Tipula_vernalis
1037780	Tischeria_ekebladella
4442162	Tolmerus_cingulatus
251295	Torilis_japonica
54755	Tortella_tortuosa
43188	Tortricodes_alternella
575683	Tortrix_viridana
4364811	Toxonevra_muliebris
472429	Trachurus_trachurus
418348	Tragopogon_pratensis
4560310	Tranosemella_praerogator
444808	Travisia_forbesii
193159	Triaenodes_bicolor
3036385	Triaxomasia_caprimulgella
3036715	Triaxomera_parasitella
809017	Trichiura_crataegi
237866	Trichoderma_citrinoviride
4417020	Tricholauxania_praeusta
587660	Tricholepidozia_tetradactyla
326470	Tricholoma_cingulatum
718297	Tricholoma_hemisulphureum
382617	Tricholoma_terreum
612688	Trichophorum_cespitosum
540269	Trichopteryx_carpinata
3027928	Trichostegia_minor
3883542	Trichostomum_littorale
516805	Trichostrongylus_colubriformis
683577	Tricolia_pullus
4507940	Tricyphona_immaculata
724364	Trifolium_bocconei
76062	Trifolium_dubium
76058	Trifolium_fragiferum
592375	Trifolium_occidentale
116218	Trifolium_repens
230329	Trifolium_striatum
539553	Trifolium_subterraneum
724128	Triglochin_maritima
269404	Triglochin_palustris
697154	Trigloporus_lastoviza
4418642	Trigonometopus_frontalis
4255199	Trigonophora_flammea
917056	Tringa_totanus
989947	Tripolium_pannonicum
305361	Trisateles_emortualis
179345	Trisopterus_luscus
831953	Tritomaria_quinquedentata
1041796	Triturus_cristatus
3888636	Trocdaris_verticillatum
259813	Troglodytes_troglodytes
3472550	Troilus_luridus
805006	Trollius_europaeus
3287170	Tromatobia_lineatoria
4355204	Tropidia_scita
4553822	Trychosis_tristator
1053922	Tryphon_signator
420515	Tryphon_thomsoni
3277096	Trypoxylon_attenuatum
723544	Trypoxylon_clavicerum
12948	Tuberolachnus_salignus
407496	Turritis_glabra
1069824	Tussilago_farfara
889220	Tuta_absoluta
758178	Tyria_jacobaeae
459464	Tytthaspis_sedecimpunctata
776979	Udea_ferrugalis
828309	Udea_olivalis
722145	Uleiota_planata
722145	Uleiota_planata
664542	Ulex_minor
218596	Ulmus_glabra
1029242	Ulmus_minor
344603	Ulmus_procera
517088	Uloborus_plumipes
1022289	Ulota_crispa
932033	Ulota_phyllantha
537977	Umbilicaria_deusta
156576	Umbilicus_rupestris
3244899	Urocerus_augur
439353	Uroleucon_taraxaci
379115	Urophora_cardui
267705	Urtica_dioica
838850	Urtica_urens
817730	Vaccinium_myrtillus
242921	Vaccinium_vitis_idaea
459098	Valerianella_locusta
413796	Vanellus_vanellus
581038	Vanessa_atalanta
624277	Vanessa_cardui
73961	Venerupis_corrugata
106107	Venturia_canescens
467715	Venusia_cambrica
934441	Verbascum_nigrum
35629	Verbascum_thapsus
472462	Verbena_officinalis
484336	Veronica_anagallis_aquatica
317416	Veronica_arvensis
1065760	Veronica_filiformis
492806	Veronica_officinalis
659915	Veronica_persica
827667	Veronica_scutellata
115123	Veronica_serpyllifolia
253214	Veronica_triphyllos
253233	Veronica_verna
573512	Vespa_crabro
829558	Vespa_velutina
190920	Vespertilio_murinus
1084243	Vespula_germanica
52839	Vespula_vulgaris
572547	Viburnum_lantana
1065971	Vicia_hirsuta
69825	Vicia_lathyroides
642443	Vicia_parviflora
1056096	Vicia_sativa
137007	Vicia_tetrasperma
4430462	Villa_cingulata
4430549	Villa_modesta
4430578	Villa_occulta
438209	Vincenzellus_ruficollis
1039231	Viola_odorata
865443	Viola_palustris
685675	Viola_stagnina
1080622	Viola_tricolor
579239	Vipera_berus
3284176	Virgichneumon_dumeticola
775721	Virgichneumon_maculicauda
3679978	Virgularia_mirabilis
914239	Viscum_album
756728	Vitis_vinifera
4353315	Volucella_bombylans
485403	Volucella_inanis
1011655	Volucella_inflata
485402	Volucella_pellucens
1092933	Volucella_zonaria
1056072	Volvariella_surrecta
3284444	Vulgichneumon_bimaculatus
3284456	Vulgichneumon_saturatorius
821964	Vulpes_vulpes
5736426	Watersipora_subatra
192264	Watsonalla_binaria
192272	Watsonalla_cultraria
4375859	Winthemia_cruentata
1016984	Xanthandrus_comtus
535228	Xanthia_icteritia
733494	Xanthia_togata
605084	Xanthogramma_pedissequum
874653	Xantholinus_longiventris
136887	Xanthorhoe_designata
136883	Xanthorhoe_montanata
136896	Xanthorhoe_spadicearia
42062	Xanthostigma_xanthostigma
137936	Xerophyllum_tenax
572327	Xestia_ashworthii
572333	Xestia_baja
535234	Xestia_c_nigrum
572331	Xestia_castanea
535221	Xestia_rhomboidea
334303	Xestia_sexstrigata
572341	Xestia_triangulum
572339	Xestia_xanthographa
103649	Xestobium_rufovillosum
3244918	Xiphydria_camelus
3197803	Xylena_solidaginis
51557	Xylena_vetusta
4249782	Xylocampa_areola
4445396	Xylophagus_ater
956392	Xylota_segnis
956384	Xylota_sylvarum
813791	Xyphosia_miliaria
645892	Xysticus_acerbus
5557006	Yponomeuta_cagnagella
3218514	Yponomeuta_evonymella
1085179	Yponomeuta_malinellus
756234	Yponomeuta_plumbellus
756233	Yponomeuta_sedellus
3219032	Ypsolopha_horridella
3219057	Ypsolopha_scabrella
3219036	Ypsolopha_sequella
3219051	Ypsolopha_sylvella
3287466	Zaglyptus_varipes
1069567	Zeiraphera_griseana
92486	Zele_albiditarsus
774187	Zele_chlorophthalmus
4230543	Zelleria_hepariella
918920	Zeus_faber
645924	Zeuzera_pyrina
87626	Zootoca_vivipara
3559240	Zoropsis_spinimana
817755	Zostera_noltei
919818	Zygaena_filipendulae
268733	Zygodon_viridissimus
